,Company Name,Job Name,Location,Rating,Pay
0,MIM Software,Software Engineer Intern,"Beachwood, OH",4.5,$51K - $94K (Glassdoor est.)
1,Northrop Grumman,"Intern, Software Engineer","Linthicum, MD",4.0,$34 - $36 Per Hour(Employer est.)
2,Lumen,"Intern - Software Engineer - Summer 2022, CO or Remote (US)","Littleton, CO",3.3,$59K - $114K (Glassdoor est.)
3,Northrop Grumman,2022 Digital Software Engineer Intern-Baltimore,"Baltimore, MD",4.0,$23 - $28 Per Hour(Employer est.)
4,Cognex Corporation,Software Engineering Intern,"Natick, MA",4.0,$70K - $132K (Glassdoor est.)
5,TikTok,Software Engineer Intern - 2022 Summer,"Mountain View, CA",3.6,$80K - $174K (Glassdoor est.)
6,Salesforce,Software Engineer Intern - Quip,"San Francisco, CA",4.4,$73K - $165K (Glassdoor est.)
7,Intel,Graduate Software Engineer Intern,"Hillsboro, OR",4.2,$62K - $124K (Glassdoor est.)
8,Pinterest,Software Engineering Intern (USA),"Seattle, WA",4.2,$81K - $186K (Glassdoor est.)
9,Hewlett Packard Enterprise,Software Engineer - Intern,"Houston, TX",4.0,$66K - $146K (Glassdoor est.)
10,Duolingo,"Software Engineer, Intern","Pittsburgh, PA",4.7,$54K - $115K (Glassdoor est.)
11,Microsoft,Explore: Intern Opportunities,"Redmond, WA",4.4,N/A
12,Garmin,Software Engineer Intern,"Salem, OR",4.2,N/A
13,Salesforce,Summer 2022 Intern - Tableau Software Engineer,"San Francisco, CA",4.4,$38 Per Hour(Employer est.)
14,Duolingo,"Software Engineering, Thrive Intern","Pittsburgh, PA",4.7,$53K - $114K (Glassdoor est.)
15,Salesforce,Summer 2022 Intern - Software Engineer,"Bellevue, WA",4.4,$38 Per Hour(Employer est.)
16,TikTok,Mobile Software Engineer Intern - 2022 Summer,"Seattle, WA",3.6,N/A
17,Belvedere Trading,Software Engineer Intern - Summer 2022,"Boulder, CO",3.5,$105K (Employer est.)
18,MasterCard,Software Development Engineer Intern,"O'Fallon, MO",4.2,$63K - $126K (Glassdoor est.)
19,DraftKings,SOFTWARE ENGINEER INTERN (SUMMER 2022),"Boston, MA",4.4,$66K - $131K (Glassdoor est.)
20,Unity Technologies,Software Engineer Intern,"San Francisco, CA",4.4,$75K - $144K (Glassdoor est.)
21,TikTok,"GIP - Software Engineer, Mobile Intern 2021","Mountain View, CA",3.6,$90K - $186K (Glassdoor est.)
22,Autodesk,"Intern, Software Engineer",California,4.3,N/A
23,Snapchat,2022 Software Engineer Intern,"Los Angeles, CA",4.1,$78K - $173K (Glassdoor est.)
24,Allegion,Summer Intern - Software Engineer,"Golden, CO",3.7,$20 - $24 Per Hour(Employer est.)
25,Bose,Software Engineering Summer Intern,"Framingham, MA",4.0,$67K - $141K (Glassdoor est.)
26,TikTok,Software Engineer PhD Intern - 2022 Summer,"San Francisco, CA",3.6,$83K - $192K (Glassdoor est.)
27,Slack,Software Engineering Intern,"San Francisco, CA",4.7,$80K - $193K (Glassdoor est.)
28,Etsy,"Software Engineering Intern, Summer 2022","Brooklyn, NY",4.5,$57K - $125K (Glassdoor est.)
29,Expedia Group,Intern - Software Development Engineer - Denver,"Denver, CO",4.1,N/A
30,BECHT,Software Engineering Intern/Co-op Student - Spring 2022,Remote,4.9,N/A
31,Trimble,Software Engineer- Intern,"Princeton, NJ",4.5,$63K - $125K (Glassdoor est.)
32,Trimble,Software Engineer Intern - AWS,"Princeton, NJ",4.5,$61K - $120K (Glassdoor est.)
33,Datix,Intern Software Developer,Remote,3.8,N/A
34,Lumen,Intern - Software Developer- Summer 2022,"Broomfield, CO",3.3,$61K - $120K (Glassdoor est.)
35,Rivial Data Security,User Experience Intern,Remote,N/A,$15 Per Hour(Employer est.)
36,Atlassian,"Software Engineer Intern, 2022 Summer U.S.","Mountain View, CA",4.6,$78K - $170K (Glassdoor est.)
37,Twilio,Software Engineer Intern - USA - Summer 2022,"San Francisco, CA",4.4,$41 Per Hour(Employer est.)
38,Amazon.com Services LLC,Software Development Engineer Internship - Summer 2022 (US),"Seattle, WA",3.7,$99K (Employer est.)
39,UKG (Ultimate Kronos Group),Software Engineer Intern - Spring/Summer 2022,Remote,4.1,N/A
40,Bose,"Embedded Software (Linux C++) Application Engineering Intern, Out Loud Audio","Framingham, MA",4.0,$72K - $151K (Glassdoor est.)
41,NetApp,Intern - Software Engineer (BLDR),"Boulder, CO",4.1,$74K - $163K (Glassdoor est.)
42,NetApp,Intern - Software Engineer (NANE),"Waltham, MA",4.1,$68K - $159K (Glassdoor est.)
43,Riot Games,Software Engineering Intern,"Los Angeles, CA",4.2,$75K - $167K (Glassdoor est.)
44,Amazon.com Services LLC,Software Development Engineer Intern - Amazon Robotics - Summer 2022,"North Reading, MA",3.7,$75K - $143K (Glassdoor est.)
45,IBM,2022 Summer Software Engineer Intern – Impact Science,"San Jose, CA",3.9,$74K - $169K (Glassdoor est.)
46,Twilio - University Programs,Software Engineer Intern - USA - Summer 2022,"San Francisco, CA",N/A,$41 Per Hour(Employer est.)
47,Splunk,Software Engineer Intern (Remote - Summer 2022) - 20975,"San Francisco, CA",4.1,$67K - $183K (Glassdoor est.)
48,Johnson & Johnson Family of Companies,Robotics Software Engineering Intern 2022,"Redwood City, CA",4.2,$69K - $144K (Glassdoor est.)
49,SEVEN EIGHT CAPITAL,2022 Software Engineer Intern (Campus Hire),"New York, NY",N/A,$72K - $171K (Glassdoor est.)
50,Databricks,Software Engineering Intern,"San Francisco, CA",4.8,$79K - $182K (Glassdoor est.)
51,Intel,Software Engineer - PEY Intern,"San Jose, CA",4.2,$84K - $177K (Glassdoor est.)
52,Microsoft,"Ability Hiring Program, Software Engineering: Intern Opportunities","Redmond, WA",4.4,$94K - $184K (Glassdoor est.)
53,Productiv Inc,"Software Engineer, Intern","Palo Alto, CA",4.7,$68K - $145K (Glassdoor est.)
54,Niantic,Software Engineering Intern - Summer 2022,"San Francisco, CA",3.6,$86K - $186K (Glassdoor est.)
55,Garmin,"Software Engineer Intern (Garmin Pay, NFC - Summer 2022 - Boulder, CO)","Boulder, CO",4.2,$23 - $28 Per Hour(Employer est.)
56,Garmin,"Software Engineer Intern (Java, JavaScript, Python - Summer 2022 - Boulder, CO)","Boulder, CO",4.2,$23 - $28 Per Hour(Employer est.)
57,"Agilent Technologies, Inc.",Software Development Intern,"Wilmington, DE",4.2,$38K - $66K (Employer est.)
58,TikTok,AR Effects Software Engineer Intern - 2022 Summer,"Mountain View, CA",3.6,$84K - $179K (Glassdoor est.)
59,Intuit,Software Engineer Intern (Summer 2022),"Mountain View, CA",4.4,$78K - $170K (Glassdoor est.)
60,Trimble,Software Engineer- Intern,"Princeton, NJ",4.5,$63K - $125K (Glassdoor est.)
61,"Sandhills Global, Inc.",Software Development Intern,"Lincoln, NE",3.0,$25 Per Hour(Employer est.)
62,Datix,Intern Software Developer,Remote,3.8,N/A
63,Northrop Grumman,"2022 Software Intern (Woodland Hills, CA)","Woodland Hills, CA",4.0,$24 - $30 Per Hour(Employer est.)
64,Rivial Data Security,User Experience Intern,Remote,N/A,$15 Per Hour(Employer est.)
65,Northrop Grumman,Intern Engineer Software – Secret,"Palmdale, CA",4.0,N/A
66,ITW,Software Engineer Intern,"Forest Junction, WI",3.7,$51K - $93K (Glassdoor est.)
67,ThermoAnalytics,Software Development Interns,"Calumet, MI",N/A,$21 Per Hour(Employer est.)
68,Autodesk,"Intern, Software Engineer","Irvine, CA",4.3,$75K - $167K (Glassdoor est.)
69,Unity Technologies,Software Engineer Intern,"Bellevue, WA",4.4,$78K - $139K (Glassdoor est.)
70,"Alteryx, Inc.",Software Engineer Intern (Summer 2022),"Irvine, CA",3.6,$40 Per Hour(Employer est.)
71,Force Therapeutics,Software Engineer Intern,"New York, NY",4.8,$20 Per Hour(Employer est.)
72,Verizon Media,Software Engineer Intern,"Dulles, VA",3.9,$65K - $127K (Glassdoor est.)
73,Intuit,Software Engineer Intern (Summer 2022),"San Diego, CA",4.4,$61K - $136K (Glassdoor est.)
74,Hewlett Packard Enterprise,System Software Engineer Fall Intern,"Houston, TX",4.0,$72K - $156K (Glassdoor est.)
75,FactSet Research Systems,Software Engineer Intern - Americas Campus (Summer 2022),"York, NY",4.0,$34 Per Hour(Employer est.)
76,Intel,Intern Software Engineer,"Hillsboro, OR",4.2,$76K - $120K (Glassdoor est.)
77,"MyWay Deliveries, LLC",Software Engineer Intern,"Newport Beach, CA",N/A,N/A
78,Garmin,Software Engineer Intern (Part-Time) - KSU Office,"Manhattan, KS",4.2,$32K - $70K (Glassdoor est.)
79,Asurion,Software Engineer Intern,"Nashville, TN",3.5,N/A
80,Smartcare Software,Software Engineer Intern,Remote,N/A,$15 - $20 Per Hour(Employer est.)
81,"Chick-fil-A, Inc.",2022 Software Engineering Summer Intern,"Atlanta, GA",3.9,$54K - $110K (Glassdoor est.)
82,Pearson,Intern - Software Engineer,"Boston, MA",3.7,$61K - $131K (Glassdoor est.)
83,Clarity,Software Engineer Intern at Silicon Valley-based Early Stage Startup,Remote,N/A,$13 - $33 Per Hour(Employer est.)
84,Khan Academy,Software Engineer Intern,"Mountain View, CA",4.0,$86K - $155K (Glassdoor est.)
85,Red Rock Business Advisors,Software Engineer Intern,"Leesburg, VA",N/A,$59K - $104K (Glassdoor est.)
86,Nintendo of America Inc.,Intern – IT Software Engineer (NOA),"Redmond, WA",4.1,$73K - $144K (Glassdoor est.)
87,Skyward,Software Engineer Intern,"Stevens Point, WI",4.4,$52K - $98K (Glassdoor est.)
88,Narvalous Inc,Software Engineer Intern (Remote) (Paid),Remote,N/A,$15 Per Hour(Employer est.)
89,"Phoenix Logistics, LLC",Software Engineer Intern,"Orlando, FL",N/A,$56K - $105K (Glassdoor est.)
90,Trimble,Software Engineer- Intern,"Princeton, NJ",4.5,$63K - $125K (Glassdoor est.)
91,"Sandhills Global, Inc.",Software Development Intern,"Lincoln, NE",3.0,$25 Per Hour(Employer est.)
92,Datix,Intern Software Developer,Remote,3.8,N/A
93,Northrop Grumman,"2022 Software Intern (Woodland Hills, CA)","Woodland Hills, CA",4.0,$24 - $30 Per Hour(Employer est.)
94,Rivial Data Security,User Experience Intern,Remote,N/A,$15 Per Hour(Employer est.)
95,Northrop Grumman,Intern Engineer Software – Secret,"Palmdale, CA",4.0,N/A
96,ITW,Software Engineer Intern,"Forest Junction, WI",3.7,$51K - $93K (Glassdoor est.)
97,ThermoAnalytics,Software Development Interns,"Calumet, MI",N/A,$21 Per Hour(Employer est.)
98,Autodesk,"Intern, Software Engineer","Irvine, CA",4.3,$75K - $167K (Glassdoor est.)
99,Unity Technologies,Software Engineer Intern,"Bellevue, WA",4.4,$78K - $139K (Glassdoor est.)
100,Force Therapeutics,Software Engineer Intern,"New York, NY",4.8,$20 Per Hour(Employer est.)
101,Verizon Media,Software Engineer Intern,"Dulles, VA",3.9,$65K - $127K (Glassdoor est.)
102,Intuit,Software Engineer Intern (Summer 2022),"San Diego, CA",4.4,$61K - $136K (Glassdoor est.)
103,Hewlett Packard Enterprise,System Software Engineer Fall Intern,"Houston, TX",4.0,$72K - $156K (Glassdoor est.)
104,FactSet Research Systems,Software Engineer Intern - Americas Campus (Summer 2022),"York, NY",4.0,$34 Per Hour(Employer est.)
105,"MyWay Deliveries, LLC",Software Engineer Intern,"Newport Beach, CA",N/A,N/A
106,Garmin,Software Engineer Intern (Part-Time) - KSU Office,"Manhattan, KS",4.2,$32K - $70K (Glassdoor est.)
107,Smartcare Software,Software Engineer Intern,Remote,N/A,$15 - $20 Per Hour(Employer est.)
108,Pearson,Intern - Software Engineer,"Boston, MA",3.7,$61K - $131K (Glassdoor est.)
109,Clarity,Software Engineer Intern at Silicon Valley-based Early Stage Startup,Remote,N/A,$13 - $33 Per Hour(Employer est.)
110,Khan Academy,Software Engineer Intern,"Mountain View, CA",4.0,$86K - $155K (Glassdoor est.)
111,Red Rock Business Advisors,Software Engineer Intern,"Leesburg, VA",N/A,$59K - $104K (Glassdoor est.)
112,Skyward,Software Engineer Intern,"Stevens Point, WI",4.4,$52K - $98K (Glassdoor est.)
113,Narvalous Inc,Software Engineer Intern (Remote) (Paid),Remote,N/A,$15 Per Hour(Employer est.)
114,"Phoenix Logistics, LLC",Software Engineer Intern,"Orlando, FL",N/A,$56K - $105K (Glassdoor est.)
115,ViaSat,Software Engineer Intern,"Carlsbad, CA",4.1,N/A
116,Forcepoint,Software Engineer Intern,"Champaign, IL",3.1,$57K - $110K (Glassdoor est.)
117,Garmin,Software Engineer Intern (Part-Time) - KU Office,"Lawrence, KS",4.2,$40K - $89K (Glassdoor est.)
118,U.S. Bank,2022 Undergraduate Summer Internship Program - Software Development,"Irving, TX",3.7,$47K - $103K (Glassdoor est.)
119,UiPath,Software Engineer Intern,"Bellevue, WA",4.1,$69K - $138K (Glassdoor est.)
120,Trimble,Software Engineer- Intern,"Princeton, NJ",4.5,$63K - $125K (Glassdoor est.)
121,"Sandhills Global, Inc.",Software Development Intern,"Lincoln, NE",3.0,$25 Per Hour(Employer est.)
122,Datix,Intern Software Developer,Remote,3.8,N/A
123,Northrop Grumman,"2022 Software Intern (Woodland Hills, CA)","Woodland Hills, CA",4.0,$24 - $30 Per Hour(Employer est.)
124,Rivial Data Security,User Experience Intern,Remote,N/A,$15 Per Hour(Employer est.)
125,Northrop Grumman,Intern Engineer Software – Secret,"Palmdale, CA",4.0,N/A
126,Prudential,Prudential: 2022 Coding & Software Development Internship,"Newark, NJ",3.8,$41K - $95K (Glassdoor est.)
127,ITW,Software Engineer Intern,"Forest Junction, WI",3.7,$51K - $93K (Glassdoor est.)
128,ThermoAnalytics,Software Development Interns,"Calumet, MI",N/A,$21 Per Hour(Employer est.)
129,Autodesk,"Intern, Software Engineer","Irvine, CA",4.3,$75K - $167K (Glassdoor est.)
130,Unity Technologies,Software Engineer Intern,"Bellevue, WA",4.4,$78K - $139K (Glassdoor est.)
131,Force Therapeutics,Software Engineer Intern,"New York, NY",4.8,$20 Per Hour(Employer est.)
132,Verizon Media,Software Engineer Intern,"Dulles, VA",3.9,$65K - $127K (Glassdoor est.)
133,Intuit,Software Engineer Intern (Summer 2022),"San Diego, CA",4.4,$61K - $136K (Glassdoor est.)
134,Hewlett Packard Enterprise,System Software Engineer Fall Intern,"Houston, TX",4.0,$72K - $156K (Glassdoor est.)
135,FactSet Research Systems,Software Engineer Intern - Americas Campus (Summer 2022),"York, NY",4.0,$34 Per Hour(Employer est.)
136,Garmin,Software Engineer Intern (Part-Time) - KSU Office,"Manhattan, KS",4.2,$32K - $70K (Glassdoor est.)
137,Smartcare Software,Software Engineer Intern,Remote,N/A,$15 - $20 Per Hour(Employer est.)
138,Pearson,Intern - Software Engineer,"Boston, MA",3.7,$61K - $131K (Glassdoor est.)
139,Clarity,Software Engineer Intern at Silicon Valley-based Early Stage Startup,Remote,N/A,$13 - $33 Per Hour(Employer est.)
140,Red Rock Business Advisors,Software Engineer Intern,"Leesburg, VA",N/A,$59K - $104K (Glassdoor est.)
141,Skyward,Software Engineer Intern,"Stevens Point, WI",4.4,$52K - $98K (Glassdoor est.)
142,Narvalous Inc,Software Engineer Intern (Remote) (Paid),Remote,N/A,$15 Per Hour(Employer est.)
143,ViaSat,Software Engineer Intern,"Carlsbad, CA",4.1,N/A
144,Forcepoint,Software Engineer Intern,"Champaign, IL",3.1,$57K - $110K (Glassdoor est.)
145,Garmin,Software Engineer Intern (Part-Time) - KU Office,"Lawrence, KS",4.2,$40K - $89K (Glassdoor est.)
146,U.S. Bank,2022 Undergraduate Summer Internship Program - Software Development,"Irving, TX",3.7,$47K - $103K (Glassdoor est.)
147,Vectorworks Inc.,Software Engineer Intern (Systems Development),"Columbia, MD",4.0,$62K - $125K (Glassdoor est.)
148,Schweitzer Engineering Laboratories,Software Engineer Intern,"Pullman, WA",3.9,$56K - $120K (Glassdoor est.)
149,Citadel,Software Engineer Intern,"Chicago, IL",3.7,$83K - $146K (Glassdoor est.)
150,Trimble,Software Engineer- Intern,"Princeton, NJ",4.5,$63K - $125K (Glassdoor est.)
151,"Sandhills Global, Inc.",Software Development Intern,"Lincoln, NE",3.0,$25 Per Hour(Employer est.)
152,BECHT,Software Engineering Intern/Co-op Student - Spring 2022,Remote,4.9,N/A
153,Flagship Trade Net,"Web Developement / Frontend Maintenance, Intern/Consulting Position",,N/A,$20 - $30 Per Hour(Employer est.)
154,Datix,Intern Software Developer,Remote,3.8,N/A
155,Northrop Grumman,"2022 Software Intern (Woodland Hills, CA)","Woodland Hills, CA",4.0,$24 - $30 Per Hour(Employer est.)
156,Prudential,Prudential: 2022 Coding & Software Development Internship,"Newark, NJ",3.8,$41K - $95K (Glassdoor est.)
157,Rivial Data Security,User Experience Intern,Remote,N/A,$15 Per Hour(Employer est.)
158,Prudential,Prudential: 2022 Information Technology Internship,"Newark, NJ",3.8,$53K - $122K (Glassdoor est.)
159,Northrop Grumman,Intern Engineer Software – Secret,"Palmdale, CA",4.0,N/A
160,ITW,Software Development Intern,"Fort Lauderdale, FL",3.7,$44K - $96K (Glassdoor est.)
161,Stackline,Software Engineer-2022 Internship,"Seattle, WA",4.2,$71K - $158K (Glassdoor est.)
162,ThermoAnalytics,Software Development Interns,"Calumet, MI",N/A,$21 Per Hour(Employer est.)
163,Unity Technologies,Software Engineer Intern,"Bellevue, WA",4.4,$78K - $139K (Glassdoor est.)
164,MasterCard,Software Development Engineer Intern,"Arlington, VA",4.2,$68K - $135K (Glassdoor est.)
165,Intuit,Software Engineer Intern (Summer 2022),"San Diego, CA",4.4,$61K - $136K (Glassdoor est.)
166,Verizon Media,Software Engineer Intern,"Dulles, VA",3.9,$65K - $127K (Glassdoor est.)
167,Force Therapeutics,Software Engineer Intern,"New York, NY",4.8,$20 Per Hour(Employer est.)
168,Garmin,Software Engineer Intern (Part-Time) - KSU Office,"Manhattan, KS",4.2,$32K - $70K (Glassdoor est.)
169,L3Harris Technologies,"Software Engineering Intern C/Coop (Greenville, TX)","Greenville, TX",3.6,$48K - $113K (Glassdoor est.)
170,FactSet Research Systems,Software Engineer Intern - Americas Campus (Summer 2022),"York, NY",4.0,$34 Per Hour(Employer est.)
171,Hewlett Packard Enterprise,System Software Engineer Fall Intern,"Houston, TX",4.0,$72K - $156K (Glassdoor est.)
172,Garmin,Software Engineer Intern (Part-Time) - KU Office,"Lawrence, KS",4.2,$40K - $89K (Glassdoor est.)
173,Home Depot / THD,Software Engineer Intern- Orange Works,"Atlanta, GA",3.8,$52K - $118K (Glassdoor est.)
174,Tesla,"Software Engineer Internship, Fleet Health (Spring 2022)","Fremont, CA",3.7,$53K - $126K (Glassdoor est.)
175,U.S. Bank,2022 Undergraduate Summer Internship Program - Software Development,"Englewood, CO",3.7,$15 - $16 Per Hour(Employer est.)
176,Smartcare Software,Software Engineer Intern,Remote,N/A,$15 - $20 Per Hour(Employer est.)
177,Narvalous Inc,Software Engineer Intern (Remote) (Paid),Remote,N/A,$15 Per Hour(Employer est.)
178,Pearson,Intern - Software Engineer,"San Antonio, TX",3.7,$52K - $112K (Glassdoor est.)
179,Verizon,Software Development Summer 2022 Internship,"Irving, TX",3.9,$67K - $151K (Glassdoor est.)
180,MIM Software,Software Engineer Intern,"Beachwood, OH",4.5,$51K - $94K (Glassdoor est.)
181,"Sandhills Global, Inc.",Software Development Intern,"Lincoln, NE",3.0,$25 Per Hour(Employer est.)
182,Northrop Grumman,"Intern, Software Engineer","Linthicum, MD",4.0,$34 - $36 Per Hour(Employer est.)
183,Datix,Intern Software Developer,Remote,3.8,N/A
184,Northrop Grumman,2022 Digital Software Engineer Intern-Baltimore,"Baltimore, MD",4.0,$23 - $28 Per Hour(Employer est.)
185,Northrop Grumman,"2022 Software Intern (Woodland Hills, CA)","Woodland Hills, CA",4.0,$24 - $30 Per Hour(Employer est.)
186,ThermoAnalytics,Software Development Interns,"Calumet, MI",N/A,$21 Per Hour(Employer est.)
187,Hewlett Packard Enterprise,Software Engineer - Intern,"Houston, TX",4.0,$66K - $146K (Glassdoor est.)
188,Salesforce,Software Engineer Intern - Quip,"San Francisco, CA",4.4,$73K - $165K (Glassdoor est.)
189,Garmin,Software Engineer Intern,"Salem, OR",4.2,N/A
190,Duolingo,"Software Engineer, Intern","Pittsburgh, PA",4.7,$54K - $115K (Glassdoor est.)
191,Pinterest,Software Engineering Intern (USA),"Seattle, WA",4.2,$81K - $186K (Glassdoor est.)
192,Autodesk,"Intern, Software Engineer",California,4.3,N/A
193,Salesforce,Summer 2022 Intern - Tableau Software Engineer,"San Francisco, CA",4.4,$38 Per Hour(Employer est.)
194,Garmin,"Software Engineer Intern (Java, JavaScript, Python - Summer 2022 - Boulder, CO)","Boulder, CO",4.2,$23 - $28 Per Hour(Employer est.)
195,Snapchat,2022 Software Engineer Intern,"Los Angeles, CA",4.1,$78K - $173K (Glassdoor est.)
196,Garmin,"Software Engineer Intern (Garmin Pay, NFC - Summer 2022 - Boulder, CO)","Boulder, CO",4.2,$23 - $28 Per Hour(Employer est.)
197,Unity Technologies,Software Engineer Intern,"Bellevue, WA",4.4,$78K - $139K (Glassdoor est.)
198,Intel,Graduate Software Engineer Intern,"Hillsboro, OR",4.2,$62K - $124K (Glassdoor est.)
199,TikTok,Software Engineer Intern - 2022 Summer,"Mountain View, CA",3.6,$80K - $174K (Glassdoor est.)
200,Microsoft,Explore: Intern Opportunities,"Redmond, WA",4.4,N/A
201,Salesforce,Summer 2022 Intern - Software Engineer,"Bellevue, WA",4.4,$38 Per Hour(Employer est.)
202,Twilio,Software Engineer Intern - USA - Summer 2022,"San Francisco, CA",4.4,$41 Per Hour(Employer est.)
203,MasterCard,Software Development Engineer Intern,"Arlington, VA",4.2,$68K - $135K (Glassdoor est.)
204,HP,Software Engineer Internship,"Spring, TX",4.2,$64K - $125K (Glassdoor est.)
205,"Alteryx, Inc.",Software Engineer Intern (Summer 2022),"Irvine, CA",3.6,$40 Per Hour(Employer est.)
206,Allegion,Summer Intern - Software Engineer,"Golden, CO",3.7,$20 - $24 Per Hour(Employer est.)
207,TikTok,Mobile Software Engineer Intern - 2022 Summer,"Seattle, WA",3.6,N/A
208,Duolingo,"Software Engineering, Thrive Intern","Pittsburgh, PA",4.7,$53K - $114K (Glassdoor est.)
209,Bose,"Embedded Software (Linux C++) Application Engineering Intern, Out Loud Audio","Framingham, MA",4.0,$72K - $151K (Glassdoor est.)
210,MIM Software,Software Engineer Intern,"Beachwood, OH",4.5,$51K - $94K (Glassdoor est.)
211,"Sandhills Global, Inc.",Software Development Intern,"Lincoln, NE",3.0,$25 Per Hour(Employer est.)
212,Northrop Grumman,"Intern, Software Engineer","Linthicum, MD",4.0,$34 - $36 Per Hour(Employer est.)
213,Datix,Intern Software Developer,Remote,3.8,N/A
214,Northrop Grumman,"2022 Software Intern (Woodland Hills, CA)","Woodland Hills, CA",4.0,$24 - $30 Per Hour(Employer est.)
215,Northrop Grumman,2022 Digital Software Engineer Intern-Baltimore,"Baltimore, MD",4.0,$23 - $28 Per Hour(Employer est.)
216,Cognex Corporation,Software Engineering Intern,"Natick, MA",4.0,$70K - $132K (Glassdoor est.)
217,Pinterest,Software Engineering Intern (USA),"Seattle, WA",4.2,$81K - $186K (Glassdoor est.)
218,Salesforce,Software Engineer Intern - Quip,"San Francisco, CA",4.4,$73K - $165K (Glassdoor est.)
219,Salesforce,Summer 2022 Intern - Tableau Software Engineer,"Austin, TX",4.4,$38 Per Hour(Employer est.)
220,Garmin,"Software Engineer Intern (Java, JavaScript, Python - Summer 2022 - Boulder, CO)","Boulder, CO",4.2,$23 - $28 Per Hour(Employer est.)
221,Duolingo,"Software Engineer, Intern","Pittsburgh, PA",4.7,$54K - $115K (Glassdoor est.)
222,Hewlett Packard Enterprise,Software Engineer - Intern,"Houston, TX",4.0,$66K - $146K (Glassdoor est.)
223,Garmin,Software Engineer Intern,"Salem, OR",4.2,N/A
224,Autodesk,"Intern, Software Engineer",California,4.3,N/A
225,Microsoft,Explore: Intern Opportunities,"Redmond, WA",4.4,N/A
226,Snapchat,2022 Software Engineer Intern,"Los Angeles, CA",4.1,$78K - $173K (Glassdoor est.)
227,Garmin,"Software Engineer Intern (Garmin Pay, NFC - Summer 2022 - Boulder, CO)","Boulder, CO",4.2,$23 - $28 Per Hour(Employer est.)
228,TikTok,Software Engineer Intern - 2022 Summer,"Mountain View, CA",3.6,$80K - $174K (Glassdoor est.)
229,HP,Software Engineer Internship,"Spring, TX",4.2,$64K - $125K (Glassdoor est.)
230,Twilio,Software Engineer Intern - USA - Summer 2022,"San Francisco, CA",4.4,$41 Per Hour(Employer est.)
231,Unity Technologies,Software Engineer Intern,"Bellevue, WA",4.4,$78K - $139K (Glassdoor est.)
232,Intel,Graduate Software Engineer Intern,"Hillsboro, OR",4.2,$62K - $124K (Glassdoor est.)
233,Allegion,Summer Intern - Software Engineer,"Golden, CO",3.7,$20 - $24 Per Hour(Employer est.)
234,Salesforce,Summer 2022 Intern - Software Engineer,"Bellevue, WA",4.4,$38 Per Hour(Employer est.)
235,TikTok,Mobile Software Engineer Intern - 2022 Summer,"Seattle, WA",3.6,N/A
236,Etsy,"Software Engineering Intern, Summer 2022","Brooklyn, NY",4.5,$57K - $125K (Glassdoor est.)
237,Bose,Software Engineering Summer Intern,"Framingham, MA",4.0,$67K - $141K (Glassdoor est.)
238,"Alteryx, Inc.",Software Engineer Intern (Summer 2022),"Irvine, CA",3.6,$40 Per Hour(Employer est.)
239,MasterCard,Software Development Engineer Intern,"O'Fallon, MO",4.2,$63K - $126K (Glassdoor est.)
240,MIM Software,Software Engineer Intern,"Beachwood, OH",4.5,$51K - $94K (Glassdoor est.)
241,"Sandhills Global, Inc.",Software Development Intern,"Lincoln, NE",3.0,$25 Per Hour(Employer est.)
242,Northrop Grumman,"Intern, Software Engineer","Linthicum, MD",4.0,$34 - $36 Per Hour(Employer est.)
243,Datix,Intern Software Developer,Remote,3.8,N/A
244,Northrop Grumman,"2022 Software Intern (Woodland Hills, CA)","Woodland Hills, CA",4.0,$24 - $30 Per Hour(Employer est.)
245,Northrop Grumman,2022 Digital Software Engineer Intern-Baltimore,"Baltimore, MD",4.0,$23 - $28 Per Hour(Employer est.)
246,Cognex Corporation,Software Engineering Intern,"Natick, MA",4.0,$70K - $132K (Glassdoor est.)
247,Pinterest,Software Engineering Intern (USA),"Seattle, WA",4.2,$81K - $186K (Glassdoor est.)
248,Salesforce,Software Engineer Intern - Quip,"San Francisco, CA",4.4,$73K - $165K (Glassdoor est.)
249,Salesforce,Summer 2022 Intern - Tableau Software Engineer,"Austin, TX",4.4,$38 Per Hour(Employer est.)
250,Garmin,"Software Engineer Intern (Java, JavaScript, Python - Summer 2022 - Boulder, CO)","Boulder, CO",4.2,$23 - $28 Per Hour(Employer est.)
251,Duolingo,"Software Engineer, Intern","Pittsburgh, PA",4.7,$54K - $115K (Glassdoor est.)
252,Hewlett Packard Enterprise,Software Engineer - Intern,"Houston, TX",4.0,$66K - $146K (Glassdoor est.)
253,Garmin,Software Engineer Intern,"Salem, OR",4.2,N/A
254,Autodesk,"Intern, Software Engineer",California,4.3,N/A
255,Microsoft,Explore: Intern Opportunities,"Redmond, WA",4.4,N/A
256,Snapchat,2022 Software Engineer Intern,"Los Angeles, CA",4.1,$78K - $173K (Glassdoor est.)
257,Garmin,"Software Engineer Intern (Garmin Pay, NFC - Summer 2022 - Boulder, CO)","Boulder, CO",4.2,$23 - $28 Per Hour(Employer est.)
258,TikTok,Software Engineer Intern - 2022 Summer,"Mountain View, CA",3.6,$80K - $174K (Glassdoor est.)
259,HP,Software Engineer Internship,"Spring, TX",4.2,$64K - $125K (Glassdoor est.)
260,Twilio,Software Engineer Intern - USA - Summer 2022,"San Francisco, CA",4.4,$41 Per Hour(Employer est.)
261,Unity Technologies,Software Engineer Intern,"Bellevue, WA",4.4,$78K - $139K (Glassdoor est.)
262,Intel,Graduate Software Engineer Intern,"Hillsboro, OR",4.2,$62K - $124K (Glassdoor est.)
263,Allegion,Summer Intern - Software Engineer,"Golden, CO",3.7,$20 - $24 Per Hour(Employer est.)
264,Salesforce,Summer 2022 Intern - Software Engineer,"Bellevue, WA",4.4,$38 Per Hour(Employer est.)
265,TikTok,Mobile Software Engineer Intern - 2022 Summer,"Seattle, WA",3.6,N/A
266,Etsy,"Software Engineering Intern, Summer 2022","Brooklyn, NY",4.5,$57K - $125K (Glassdoor est.)
267,Bose,Software Engineering Summer Intern,"Framingham, MA",4.0,$67K - $141K (Glassdoor est.)
268,"Alteryx, Inc.",Software Engineer Intern (Summer 2022),"Irvine, CA",3.6,$40 Per Hour(Employer est.)
269,MasterCard,Software Development Engineer Intern,"O'Fallon, MO",4.2,$63K - $126K (Glassdoor est.)
270,MIM Software,Software Engineer Intern,"Beachwood, OH",4.5,$51K - $94K (Glassdoor est.)
271,"Sandhills Global, Inc.",Software Development Intern,"Lincoln, NE",3.0,$25 Per Hour(Employer est.)
272,Northrop Grumman,"Intern, Software Engineer","Linthicum, MD",4.0,$34 - $36 Per Hour(Employer est.)
273,Datix,Intern Software Developer,Remote,3.8,N/A
274,Northrop Grumman,"2022 Software Intern (Woodland Hills, CA)","Woodland Hills, CA",4.0,$24 - $30 Per Hour(Employer est.)
275,Northrop Grumman,2022 Digital Software Engineer Intern-Baltimore,"Baltimore, MD",4.0,$23 - $28 Per Hour(Employer est.)
276,Cognex Corporation,Software Engineering Intern,"Natick, MA",4.0,$70K - $132K (Glassdoor est.)
277,Pinterest,Software Engineering Intern (USA),"Seattle, WA",4.2,$81K - $186K (Glassdoor est.)
278,Salesforce,Software Engineer Intern - Quip,"San Francisco, CA",4.4,$73K - $165K (Glassdoor est.)
279,Salesforce,Summer 2022 Intern - Tableau Software Engineer,"Austin, TX",4.4,$38 Per Hour(Employer est.)
280,Garmin,"Software Engineer Intern (Java, JavaScript, Python - Summer 2022 - Boulder, CO)","Boulder, CO",4.2,$23 - $28 Per Hour(Employer est.)
281,Duolingo,"Software Engineer, Intern","Pittsburgh, PA",4.7,$54K - $115K (Glassdoor est.)
282,Hewlett Packard Enterprise,Software Engineer - Intern,"Houston, TX",4.0,$66K - $146K (Glassdoor est.)
283,Garmin,Software Engineer Intern,"Salem, OR",4.2,N/A
284,Autodesk,"Intern, Software Engineer",California,4.3,N/A
285,Microsoft,Explore: Intern Opportunities,"Redmond, WA",4.4,N/A
286,Snapchat,2022 Software Engineer Intern,"Los Angeles, CA",4.1,$78K - $173K (Glassdoor est.)
287,Garmin,"Software Engineer Intern (Garmin Pay, NFC - Summer 2022 - Boulder, CO)","Boulder, CO",4.2,$23 - $28 Per Hour(Employer est.)
288,TikTok,Software Engineer Intern - 2022 Summer,"Mountain View, CA",3.6,$80K - $174K (Glassdoor est.)
289,HP,Software Engineer Internship,"Spring, TX",4.2,$64K - $125K (Glassdoor est.)
290,Twilio,Software Engineer Intern - USA - Summer 2022,"San Francisco, CA",4.4,$41 Per Hour(Employer est.)
291,Unity Technologies,Software Engineer Intern,"Bellevue, WA",4.4,$78K - $139K (Glassdoor est.)
292,Intel,Graduate Software Engineer Intern,"Hillsboro, OR",4.2,$62K - $124K (Glassdoor est.)
293,Allegion,Summer Intern - Software Engineer,"Golden, CO",3.7,$20 - $24 Per Hour(Employer est.)
294,Salesforce,Summer 2022 Intern - Software Engineer,"Bellevue, WA",4.4,$38 Per Hour(Employer est.)
295,TikTok,Mobile Software Engineer Intern - 2022 Summer,"Seattle, WA",3.6,N/A
296,Etsy,"Software Engineering Intern, Summer 2022","Brooklyn, NY",4.5,$57K - $125K (Glassdoor est.)
297,Bose,Software Engineering Summer Intern,"Framingham, MA",4.0,$67K - $141K (Glassdoor est.)
298,"Alteryx, Inc.",Software Engineer Intern (Summer 2022),"Irvine, CA",3.6,$40 Per Hour(Employer est.)
299,MasterCard,Software Development Engineer Intern,"O'Fallon, MO",4.2,$63K - $126K (Glassdoor est.)
300,MIM Software,Software Engineer Intern,"Beachwood, OH",4.5,$51K - $94K (Glassdoor est.)
301,"Sandhills Global, Inc.",Software Development Intern,"Lincoln, NE",3.0,$25 Per Hour(Employer est.)
302,Northrop Grumman,"Intern, Software Engineer","Linthicum, MD",4.0,$34 - $36 Per Hour(Employer est.)
303,Datix,Intern Software Developer,Remote,3.8,N/A
304,Northrop Grumman,"2022 Software Intern (Woodland Hills, CA)","Woodland Hills, CA",4.0,$24 - $30 Per Hour(Employer est.)
305,Northrop Grumman,2022 Digital Software Engineer Intern-Baltimore,"Baltimore, MD",4.0,$23 - $28 Per Hour(Employer est.)
306,Cognex Corporation,Software Engineering Intern,"Natick, MA",4.0,$70K - $132K (Glassdoor est.)
307,Pinterest,Software Engineering Intern (USA),"Seattle, WA",4.2,$81K - $186K (Glassdoor est.)
308,Salesforce,Software Engineer Intern - Quip,"San Francisco, CA",4.4,$73K - $165K (Glassdoor est.)
309,Salesforce,Summer 2022 Intern - Tableau Software Engineer,"Austin, TX",4.4,$38 Per Hour(Employer est.)
310,Garmin,"Software Engineer Intern (Java, JavaScript, Python - Summer 2022 - Boulder, CO)","Boulder, CO",4.2,$23 - $28 Per Hour(Employer est.)
311,Duolingo,"Software Engineer, Intern","Pittsburgh, PA",4.7,$54K - $115K (Glassdoor est.)
312,Hewlett Packard Enterprise,Software Engineer - Intern,"Houston, TX",4.0,$66K - $146K (Glassdoor est.)
313,Garmin,Software Engineer Intern,"Salem, OR",4.2,N/A
314,Autodesk,"Intern, Software Engineer",California,4.3,N/A
315,Microsoft,Explore: Intern Opportunities,"Redmond, WA",4.4,N/A
316,Snapchat,2022 Software Engineer Intern,"Los Angeles, CA",4.1,$78K - $173K (Glassdoor est.)
317,Garmin,"Software Engineer Intern (Garmin Pay, NFC - Summer 2022 - Boulder, CO)","Boulder, CO",4.2,$23 - $28 Per Hour(Employer est.)
318,TikTok,Software Engineer Intern - 2022 Summer,"Mountain View, CA",3.6,$80K - $174K (Glassdoor est.)
319,HP,Software Engineer Internship,"Spring, TX",4.2,$64K - $125K (Glassdoor est.)
320,Twilio,Software Engineer Intern - USA - Summer 2022,"San Francisco, CA",4.4,$41 Per Hour(Employer est.)
321,Unity Technologies,Software Engineer Intern,"Bellevue, WA",4.4,$78K - $139K (Glassdoor est.)
322,Intel,Graduate Software Engineer Intern,"Hillsboro, OR",4.2,$62K - $124K (Glassdoor est.)
323,Allegion,Summer Intern - Software Engineer,"Golden, CO",3.7,$20 - $24 Per Hour(Employer est.)
324,Salesforce,Summer 2022 Intern - Software Engineer,"Bellevue, WA",4.4,$38 Per Hour(Employer est.)
325,TikTok,Mobile Software Engineer Intern - 2022 Summer,"Seattle, WA",3.6,N/A
326,Etsy,"Software Engineering Intern, Summer 2022","Brooklyn, NY",4.5,$57K - $125K (Glassdoor est.)
327,Bose,Software Engineering Summer Intern,"Framingham, MA",4.0,$67K - $141K (Glassdoor est.)
328,"Alteryx, Inc.",Software Engineer Intern (Summer 2022),"Irvine, CA",3.6,$40 Per Hour(Employer est.)
329,MasterCard,Software Development Engineer Intern,"O'Fallon, MO",4.2,$63K - $126K (Glassdoor est.)
330,MIM Software,Software Engineer Intern,"Beachwood, OH",4.5,$51K - $94K (Glassdoor est.)
331,Northrop Grumman,"Intern, Software Engineer","Linthicum, MD",4.0,$34 - $36 Per Hour(Employer est.)
332,Northrop Grumman,"2022 Software Intern (Woodland Hills, CA)","Woodland Hills, CA",4.0,$24 - $30 Per Hour(Employer est.)
333,Hewlett Packard Enterprise,Software Engineer - Intern,"Houston, TX",4.0,$66K - $146K (Glassdoor est.)
334,Pinterest,Software Engineering Intern (USA),"Seattle, WA",4.2,$81K - $186K (Glassdoor est.)
335,Salesforce,Software Engineer Intern - Quip,"San Francisco, CA",4.4,$73K - $165K (Glassdoor est.)
336,Garmin,"Software Engineer Intern (Java, JavaScript, Python - Summer 2022 - Boulder, CO)","Boulder, CO",4.2,$23 - $28 Per Hour(Employer est.)
337,Garmin,Software Engineer Intern,"Salem, OR",4.2,N/A
338,Salesforce,Summer 2022 Intern - Tableau Software Engineer,"Austin, TX",4.4,$38 Per Hour(Employer est.)
339,Autodesk,"Intern, Software Engineer",California,4.3,N/A
340,Intel,Graduate Software Engineer Intern,"Hillsboro, OR",4.2,$62K - $124K (Glassdoor est.)
341,Duolingo,"Software Engineer, Intern","Pittsburgh, PA",4.7,$54K - $115K (Glassdoor est.)
342,Microsoft,Explore: Intern Opportunities,"Redmond, WA",4.4,N/A
343,TikTok,Software Engineer Intern - 2022 Summer,"Mountain View, CA",3.6,$80K - $174K (Glassdoor est.)
344,Garmin,"Software Engineer Intern (Garmin Pay, NFC - Summer 2022 - Boulder, CO)","Boulder, CO",4.2,$23 - $28 Per Hour(Employer est.)
345,Twilio,Software Engineer Intern - USA - Summer 2022,"San Francisco, CA",4.4,$41 Per Hour(Employer est.)
346,Allegion,Summer Intern - Software Engineer,"Golden, CO",3.7,$20 - $24 Per Hour(Employer est.)
347,HP,Software Engineer Internship,"Spring, TX",4.2,$64K - $125K (Glassdoor est.)
348,Unity Technologies,Software Engineer Intern,"Bellevue, WA",4.4,$78K - $139K (Glassdoor est.)
349,Bose,Software Engineering Summer Intern,"Framingham, MA",4.0,$67K - $141K (Glassdoor est.)
350,Snapchat,2022 Software Engineer Intern,"Los Angeles, CA",4.1,$78K - $173K (Glassdoor est.)
351,TikTok,Mobile Software Engineer Intern - 2022 Summer,"Seattle, WA",3.6,N/A
352,MasterCard,Software Development Engineer Intern,"Arlington, VA",4.2,$68K - $135K (Glassdoor est.)
353,Bose,"Embedded Software (Linux C++) Application Engineering Intern, Out Loud Audio","Framingham, MA",4.0,$72K - $151K (Glassdoor est.)
354,Etsy,"Software Engineering Intern, Summer 2022","Brooklyn, NY",4.5,$57K - $125K (Glassdoor est.)
355,Garmin,Software Engineer Intern (Part-Time) - KSU Office,"Manhattan, KS",4.2,$32K - $70K (Glassdoor est.)
356,"Alteryx, Inc.",Software Engineer Intern (Summer 2022),"Irvine, CA",3.6,$40 Per Hour(Employer est.)
357,NetApp,Intern - Software Engineer (NANE),"Waltham, MA",4.1,$68K - $159K (Glassdoor est.)
358,TikTok,"GIP - Software Engineer, Mobile Intern 2021","Mountain View, CA",3.6,$90K - $186K (Glassdoor est.)
359,Databricks,Software Engineering Intern,"San Francisco, CA",4.8,$79K - $182K (Glassdoor est.)
360,MIM Software,Software Engineer Intern,"Beachwood, OH",4.5,$51K - $94K (Glassdoor est.)
361,Northrop Grumman,"Intern, Software Engineer","Linthicum, MD",4.0,$34 - $36 Per Hour(Employer est.)
362,Northrop Grumman,"2022 Software Intern (Woodland Hills, CA)","Woodland Hills, CA",4.0,$24 - $30 Per Hour(Employer est.)
363,Hewlett Packard Enterprise,Software Engineer - Intern,"Houston, TX",4.0,$66K - $146K (Glassdoor est.)
364,Pinterest,Software Engineering Intern (USA),"Seattle, WA",4.2,$81K - $186K (Glassdoor est.)
365,Salesforce,Software Engineer Intern - Quip,"San Francisco, CA",4.4,$73K - $165K (Glassdoor est.)
366,Garmin,"Software Engineer Intern (Java, JavaScript, Python - Summer 2022 - Boulder, CO)","Boulder, CO",4.2,$23 - $28 Per Hour(Employer est.)
367,Garmin,Software Engineer Intern,"Salem, OR",4.2,N/A
368,Salesforce,Summer 2022 Intern - Tableau Software Engineer,"Austin, TX",4.4,$38 Per Hour(Employer est.)
369,Autodesk,"Intern, Software Engineer",California,4.3,N/A
370,Intel,Graduate Software Engineer Intern,"Hillsboro, OR",4.2,$62K - $124K (Glassdoor est.)
371,Duolingo,"Software Engineer, Intern","Pittsburgh, PA",4.7,$54K - $115K (Glassdoor est.)
372,Microsoft,Explore: Intern Opportunities,"Redmond, WA",4.4,N/A
373,TikTok,Software Engineer Intern - 2022 Summer,"Mountain View, CA",3.6,$80K - $174K (Glassdoor est.)
374,Garmin,"Software Engineer Intern (Garmin Pay, NFC - Summer 2022 - Boulder, CO)","Boulder, CO",4.2,$23 - $28 Per Hour(Employer est.)
375,Twilio,Software Engineer Intern - USA - Summer 2022,"San Francisco, CA",4.4,$41 Per Hour(Employer est.)
376,Allegion,Summer Intern - Software Engineer,"Golden, CO",3.7,$20 - $24 Per Hour(Employer est.)
377,HP,Software Engineer Internship,"Spring, TX",4.2,$64K - $125K (Glassdoor est.)
378,Unity Technologies,Software Engineer Intern,"Bellevue, WA",4.4,$78K - $139K (Glassdoor est.)
379,Bose,Software Engineering Summer Intern,"Framingham, MA",4.0,$67K - $141K (Glassdoor est.)
380,Snapchat,2022 Software Engineer Intern,"Los Angeles, CA",4.1,$78K - $173K (Glassdoor est.)
381,TikTok,Mobile Software Engineer Intern - 2022 Summer,"Seattle, WA",3.6,N/A
382,MasterCard,Software Development Engineer Intern,"Arlington, VA",4.2,$68K - $135K (Glassdoor est.)
383,Bose,"Embedded Software (Linux C++) Application Engineering Intern, Out Loud Audio","Framingham, MA",4.0,$72K - $151K (Glassdoor est.)
384,Etsy,"Software Engineering Intern, Summer 2022","Brooklyn, NY",4.5,$57K - $125K (Glassdoor est.)
385,Garmin,Software Engineer Intern (Part-Time) - KSU Office,"Manhattan, KS",4.2,$32K - $70K (Glassdoor est.)
386,"Alteryx, Inc.",Software Engineer Intern (Summer 2022),"Irvine, CA",3.6,$40 Per Hour(Employer est.)
387,NetApp,Intern - Software Engineer (NANE),"Waltham, MA",4.1,$68K - $159K (Glassdoor est.)
388,TikTok,"GIP - Software Engineer, Mobile Intern 2021","Mountain View, CA",3.6,$90K - $186K (Glassdoor est.)
389,Databricks,Software Engineering Intern,"San Francisco, CA",4.8,$79K - $182K (Glassdoor est.)
390,MIM Software,Software Engineer Intern,"Beachwood, OH",4.5,$51K - $94K (Glassdoor est.)
391,Northrop Grumman,"Intern, Software Engineer","Linthicum, MD",4.0,$34 - $36 Per Hour(Employer est.)
392,Northrop Grumman,"2022 Software Intern (Woodland Hills, CA)","Woodland Hills, CA",4.0,$24 - $30 Per Hour(Employer est.)
393,Hewlett Packard Enterprise,Software Engineer - Intern,"Houston, TX",4.0,$66K - $146K (Glassdoor est.)
394,Pinterest,Software Engineering Intern (USA),"Seattle, WA",4.2,$81K - $186K (Glassdoor est.)
395,Salesforce,Software Engineer Intern - Quip,"San Francisco, CA",4.4,$73K - $165K (Glassdoor est.)
396,Garmin,"Software Engineer Intern (Java, JavaScript, Python - Summer 2022 - Boulder, CO)","Boulder, CO",4.2,$23 - $28 Per Hour(Employer est.)
397,Garmin,Software Engineer Intern,"Salem, OR",4.2,N/A
398,Salesforce,Summer 2022 Intern - Tableau Software Engineer,"Austin, TX",4.4,$38 Per Hour(Employer est.)
399,Autodesk,"Intern, Software Engineer",California,4.3,N/A
400,Intel,Graduate Software Engineer Intern,"Hillsboro, OR",4.2,$62K - $124K (Glassdoor est.)
401,Duolingo,"Software Engineer, Intern","Pittsburgh, PA",4.7,$54K - $115K (Glassdoor est.)
402,Microsoft,Explore: Intern Opportunities,"Redmond, WA",4.4,N/A
403,TikTok,Software Engineer Intern - 2022 Summer,"Mountain View, CA",3.6,$80K - $174K (Glassdoor est.)
404,Garmin,"Software Engineer Intern (Garmin Pay, NFC - Summer 2022 - Boulder, CO)","Boulder, CO",4.2,$23 - $28 Per Hour(Employer est.)
405,Twilio,Software Engineer Intern - USA - Summer 2022,"San Francisco, CA",4.4,$41 Per Hour(Employer est.)
406,Allegion,Summer Intern - Software Engineer,"Golden, CO",3.7,$20 - $24 Per Hour(Employer est.)
407,HP,Software Engineer Internship,"Spring, TX",4.2,$64K - $125K (Glassdoor est.)
408,Unity Technologies,Software Engineer Intern,"Bellevue, WA",4.4,$78K - $139K (Glassdoor est.)
409,Bose,Software Engineering Summer Intern,"Framingham, MA",4.0,$67K - $141K (Glassdoor est.)
410,Snapchat,2022 Software Engineer Intern,"Los Angeles, CA",4.1,$78K - $173K (Glassdoor est.)
411,TikTok,Mobile Software Engineer Intern - 2022 Summer,"Seattle, WA",3.6,N/A
412,MasterCard,Software Development Engineer Intern,"Arlington, VA",4.2,$68K - $135K (Glassdoor est.)
413,Bose,"Embedded Software (Linux C++) Application Engineering Intern, Out Loud Audio","Framingham, MA",4.0,$72K - $151K (Glassdoor est.)
414,Etsy,"Software Engineering Intern, Summer 2022","Brooklyn, NY",4.5,$57K - $125K (Glassdoor est.)
415,Garmin,Software Engineer Intern (Part-Time) - KSU Office,"Manhattan, KS",4.2,$32K - $70K (Glassdoor est.)
416,"Alteryx, Inc.",Software Engineer Intern (Summer 2022),"Irvine, CA",3.6,$40 Per Hour(Employer est.)
417,NetApp,Intern - Software Engineer (NANE),"Waltham, MA",4.1,$68K - $159K (Glassdoor est.)
418,TikTok,"GIP - Software Engineer, Mobile Intern 2021","Mountain View, CA",3.6,$90K - $186K (Glassdoor est.)
419,Databricks,Software Engineering Intern,"San Francisco, CA",4.8,$79K - $182K (Glassdoor est.)
420,MIM Software,Software Engineer Intern,"Beachwood, OH",4.5,$51K - $94K (Glassdoor est.)
421,Northrop Grumman,"Intern, Software Engineer","Linthicum, MD",4.0,$34 - $36 Per Hour(Employer est.)
422,Northrop Grumman,"2022 Software Intern (Woodland Hills, CA)","Woodland Hills, CA",4.0,$24 - $30 Per Hour(Employer est.)
423,Hewlett Packard Enterprise,Software Engineer - Intern,"Houston, TX",4.0,$66K - $146K (Glassdoor est.)
424,Pinterest,Software Engineering Intern (USA),"Seattle, WA",4.2,$81K - $186K (Glassdoor est.)
425,Salesforce,Software Engineer Intern - Quip,"San Francisco, CA",4.4,$73K - $165K (Glassdoor est.)
426,Garmin,"Software Engineer Intern (Java, JavaScript, Python - Summer 2022 - Boulder, CO)","Boulder, CO",4.2,$23 - $28 Per Hour(Employer est.)
427,Garmin,Software Engineer Intern,"Salem, OR",4.2,N/A
428,Salesforce,Summer 2022 Intern - Tableau Software Engineer,"Austin, TX",4.4,$38 Per Hour(Employer est.)
429,Autodesk,"Intern, Software Engineer",California,4.3,N/A
430,Intel,Graduate Software Engineer Intern,"Hillsboro, OR",4.2,$62K - $124K (Glassdoor est.)
431,Duolingo,"Software Engineer, Intern","Pittsburgh, PA",4.7,$54K - $115K (Glassdoor est.)
432,Microsoft,Explore: Intern Opportunities,"Redmond, WA",4.4,N/A
433,TikTok,Software Engineer Intern - 2022 Summer,"Mountain View, CA",3.6,$80K - $174K (Glassdoor est.)
434,Garmin,"Software Engineer Intern (Garmin Pay, NFC - Summer 2022 - Boulder, CO)","Boulder, CO",4.2,$23 - $28 Per Hour(Employer est.)
435,Twilio,Software Engineer Intern - USA - Summer 2022,"San Francisco, CA",4.4,$41 Per Hour(Employer est.)
436,Allegion,Summer Intern - Software Engineer,"Golden, CO",3.7,$20 - $24 Per Hour(Employer est.)
437,HP,Software Engineer Internship,"Spring, TX",4.2,$64K - $125K (Glassdoor est.)
438,Unity Technologies,Software Engineer Intern,"Bellevue, WA",4.4,$78K - $139K (Glassdoor est.)
439,Bose,Software Engineering Summer Intern,"Framingham, MA",4.0,$67K - $141K (Glassdoor est.)
440,Snapchat,2022 Software Engineer Intern,"Los Angeles, CA",4.1,$78K - $173K (Glassdoor est.)
441,TikTok,Mobile Software Engineer Intern - 2022 Summer,"Seattle, WA",3.6,N/A
442,MasterCard,Software Development Engineer Intern,"Arlington, VA",4.2,$68K - $135K (Glassdoor est.)
443,Bose,"Embedded Software (Linux C++) Application Engineering Intern, Out Loud Audio","Framingham, MA",4.0,$72K - $151K (Glassdoor est.)
444,Etsy,"Software Engineering Intern, Summer 2022","Brooklyn, NY",4.5,$57K - $125K (Glassdoor est.)
445,Garmin,Software Engineer Intern (Part-Time) - KSU Office,"Manhattan, KS",4.2,$32K - $70K (Glassdoor est.)
446,"Alteryx, Inc.",Software Engineer Intern (Summer 2022),"Irvine, CA",3.6,$40 Per Hour(Employer est.)
447,NetApp,Intern - Software Engineer (NANE),"Waltham, MA",4.1,$68K - $159K (Glassdoor est.)
448,TikTok,"GIP - Software Engineer, Mobile Intern 2021","Mountain View, CA",3.6,$90K - $186K (Glassdoor est.)
449,Databricks,Software Engineering Intern,"San Francisco, CA",4.8,$79K - $182K (Glassdoor est.)
450,MIM Software,Software Engineer Intern,"Beachwood, OH",4.5,$51K - $94K (Glassdoor est.)
451,Northrop Grumman,"Intern, Software Engineer","Linthicum, MD",4.0,$34 - $36 Per Hour(Employer est.)
452,Northrop Grumman,"2022 Software Intern (Woodland Hills, CA)","Woodland Hills, CA",4.0,$24 - $30 Per Hour(Employer est.)
453,Hewlett Packard Enterprise,Software Engineer - Intern,"Houston, TX",4.0,$66K - $146K (Glassdoor est.)
454,Pinterest,Software Engineering Intern (USA),"Seattle, WA",4.2,$81K - $186K (Glassdoor est.)
455,Salesforce,Software Engineer Intern - Quip,"San Francisco, CA",4.4,$73K - $165K (Glassdoor est.)
456,Garmin,"Software Engineer Intern (Java, JavaScript, Python - Summer 2022 - Boulder, CO)","Boulder, CO",4.2,$23 - $28 Per Hour(Employer est.)
457,Garmin,Software Engineer Intern,"Salem, OR",4.2,N/A
458,Salesforce,Summer 2022 Intern - Tableau Software Engineer,"Austin, TX",4.4,$38 Per Hour(Employer est.)
459,Autodesk,"Intern, Software Engineer",California,4.3,N/A
460,Intel,Graduate Software Engineer Intern,"Hillsboro, OR",4.2,$62K - $124K (Glassdoor est.)
461,Duolingo,"Software Engineer, Intern","Pittsburgh, PA",4.7,$54K - $115K (Glassdoor est.)
462,Microsoft,Explore: Intern Opportunities,"Redmond, WA",4.4,N/A
463,TikTok,Software Engineer Intern - 2022 Summer,"Mountain View, CA",3.6,$80K - $174K (Glassdoor est.)
464,Garmin,"Software Engineer Intern (Garmin Pay, NFC - Summer 2022 - Boulder, CO)","Boulder, CO",4.2,$23 - $28 Per Hour(Employer est.)
465,Twilio,Software Engineer Intern - USA - Summer 2022,"San Francisco, CA",4.4,$41 Per Hour(Employer est.)
466,Allegion,Summer Intern - Software Engineer,"Golden, CO",3.7,$20 - $24 Per Hour(Employer est.)
467,HP,Software Engineer Internship,"Spring, TX",4.2,$64K - $125K (Glassdoor est.)
468,Unity Technologies,Software Engineer Intern,"Bellevue, WA",4.4,$78K - $139K (Glassdoor est.)
469,Bose,Software Engineering Summer Intern,"Framingham, MA",4.0,$67K - $141K (Glassdoor est.)
470,Snapchat,2022 Software Engineer Intern,"Los Angeles, CA",4.1,$78K - $173K (Glassdoor est.)
471,TikTok,Mobile Software Engineer Intern - 2022 Summer,"Seattle, WA",3.6,N/A
472,MasterCard,Software Development Engineer Intern,"Arlington, VA",4.2,$68K - $135K (Glassdoor est.)
473,Bose,"Embedded Software (Linux C++) Application Engineering Intern, Out Loud Audio","Framingham, MA",4.0,$72K - $151K (Glassdoor est.)
474,Etsy,"Software Engineering Intern, Summer 2022","Brooklyn, NY",4.5,$57K - $125K (Glassdoor est.)
475,Garmin,Software Engineer Intern (Part-Time) - KSU Office,"Manhattan, KS",4.2,$32K - $70K (Glassdoor est.)
476,"Alteryx, Inc.",Software Engineer Intern (Summer 2022),"Irvine, CA",3.6,$40 Per Hour(Employer est.)
477,NetApp,Intern - Software Engineer (NANE),"Waltham, MA",4.1,$68K - $159K (Glassdoor est.)
478,TikTok,"GIP - Software Engineer, Mobile Intern 2021","Mountain View, CA",3.6,$90K - $186K (Glassdoor est.)
479,Databricks,Software Engineering Intern,"San Francisco, CA",4.8,$79K - $182K (Glassdoor est.)
480,MIM Software,Software Engineer Intern,"Beachwood, OH",4.5,$51K - $94K (Glassdoor est.)
481,Northrop Grumman,"Intern, Software Engineer","Linthicum, MD",4.0,$34 - $36 Per Hour(Employer est.)
482,Northrop Grumman,"2022 Software Intern (Woodland Hills, CA)","Woodland Hills, CA",4.0,$24 - $30 Per Hour(Employer est.)
483,Hewlett Packard Enterprise,Software Engineer - Intern,"Houston, TX",4.0,$66K - $146K (Glassdoor est.)
484,Pinterest,Software Engineering Intern (USA),"Seattle, WA",4.2,$81K - $186K (Glassdoor est.)
485,Salesforce,Software Engineer Intern - Quip,"San Francisco, CA",4.4,$73K - $165K (Glassdoor est.)
486,Garmin,"Software Engineer Intern (Java, JavaScript, Python - Summer 2022 - Boulder, CO)","Boulder, CO",4.2,$23 - $28 Per Hour(Employer est.)
487,Garmin,Software Engineer Intern,"Salem, OR",4.2,N/A
488,Salesforce,Summer 2022 Intern - Tableau Software Engineer,"Austin, TX",4.4,$38 Per Hour(Employer est.)
489,Autodesk,"Intern, Software Engineer",California,4.3,N/A
490,Intel,Graduate Software Engineer Intern,"Hillsboro, OR",4.2,$62K - $124K (Glassdoor est.)
491,Duolingo,"Software Engineer, Intern","Pittsburgh, PA",4.7,$54K - $115K (Glassdoor est.)
492,Microsoft,Explore: Intern Opportunities,"Redmond, WA",4.4,N/A
493,TikTok,Software Engineer Intern - 2022 Summer,"Mountain View, CA",3.6,$80K - $174K (Glassdoor est.)
494,Garmin,"Software Engineer Intern (Garmin Pay, NFC - Summer 2022 - Boulder, CO)","Boulder, CO",4.2,$23 - $28 Per Hour(Employer est.)
495,Twilio,Software Engineer Intern - USA - Summer 2022,"San Francisco, CA",4.4,$41 Per Hour(Employer est.)
496,Allegion,Summer Intern - Software Engineer,"Golden, CO",3.7,$20 - $24 Per Hour(Employer est.)
497,HP,Software Engineer Internship,"Spring, TX",4.2,$64K - $125K (Glassdoor est.)
498,Unity Technologies,Software Engineer Intern,"Bellevue, WA",4.4,$78K - $139K (Glassdoor est.)
499,Bose,Software Engineering Summer Intern,"Framingham, MA",4.0,$67K - $141K (Glassdoor est.)
500,Snapchat,2022 Software Engineer Intern,"Los Angeles, CA",4.1,$78K - $173K (Glassdoor est.)
501,TikTok,Mobile Software Engineer Intern - 2022 Summer,"Seattle, WA",3.6,N/A
502,MasterCard,Software Development Engineer Intern,"Arlington, VA",4.2,$68K - $135K (Glassdoor est.)
503,Bose,"Embedded Software (Linux C++) Application Engineering Intern, Out Loud Audio","Framingham, MA",4.0,$72K - $151K (Glassdoor est.)
504,Etsy,"Software Engineering Intern, Summer 2022","Brooklyn, NY",4.5,$57K - $125K (Glassdoor est.)
505,Garmin,Software Engineer Intern (Part-Time) - KSU Office,"Manhattan, KS",4.2,$32K - $70K (Glassdoor est.)
506,"Alteryx, Inc.",Software Engineer Intern (Summer 2022),"Irvine, CA",3.6,$40 Per Hour(Employer est.)
507,NetApp,Intern - Software Engineer (NANE),"Waltham, MA",4.1,$68K - $159K (Glassdoor est.)
508,TikTok,"GIP - Software Engineer, Mobile Intern 2021","Mountain View, CA",3.6,$90K - $186K (Glassdoor est.)
509,Databricks,Software Engineering Intern,"San Francisco, CA",4.8,$79K - $182K (Glassdoor est.)
510,MIM Software,Software Engineer Intern,"Beachwood, OH",4.5,$51K - $94K (Glassdoor est.)
511,Northrop Grumman,"Intern, Software Engineer","Linthicum, MD",4.0,$34 - $36 Per Hour(Employer est.)
512,Northrop Grumman,"2022 Software Intern (Woodland Hills, CA)","Woodland Hills, CA",4.0,$24 - $30 Per Hour(Employer est.)
513,Hewlett Packard Enterprise,Software Engineer - Intern,"Houston, TX",4.0,$66K - $146K (Glassdoor est.)
514,Pinterest,Software Engineering Intern (USA),"Seattle, WA",4.2,$81K - $186K (Glassdoor est.)
515,Salesforce,Software Engineer Intern - Quip,"San Francisco, CA",4.4,$73K - $165K (Glassdoor est.)
516,Garmin,"Software Engineer Intern (Java, JavaScript, Python - Summer 2022 - Boulder, CO)","Boulder, CO",4.2,$23 - $28 Per Hour(Employer est.)
517,Garmin,Software Engineer Intern,"Salem, OR",4.2,N/A
518,Salesforce,Summer 2022 Intern - Tableau Software Engineer,"Austin, TX",4.4,$38 Per Hour(Employer est.)
519,Autodesk,"Intern, Software Engineer",California,4.3,N/A
520,Intel,Graduate Software Engineer Intern,"Hillsboro, OR",4.2,$62K - $124K (Glassdoor est.)
521,Duolingo,"Software Engineer, Intern","Pittsburgh, PA",4.7,$54K - $115K (Glassdoor est.)
522,Microsoft,Explore: Intern Opportunities,"Redmond, WA",4.4,N/A
523,TikTok,Software Engineer Intern - 2022 Summer,"Mountain View, CA",3.6,$80K - $174K (Glassdoor est.)
524,Garmin,"Software Engineer Intern (Garmin Pay, NFC - Summer 2022 - Boulder, CO)","Boulder, CO",4.2,$23 - $28 Per Hour(Employer est.)
525,Twilio,Software Engineer Intern - USA - Summer 2022,"San Francisco, CA",4.4,$41 Per Hour(Employer est.)
526,Allegion,Summer Intern - Software Engineer,"Golden, CO",3.7,$20 - $24 Per Hour(Employer est.)
527,HP,Software Engineer Internship,"Spring, TX",4.2,$64K - $125K (Glassdoor est.)
528,Unity Technologies,Software Engineer Intern,"Bellevue, WA",4.4,$78K - $139K (Glassdoor est.)
529,Bose,Software Engineering Summer Intern,"Framingham, MA",4.0,$67K - $141K (Glassdoor est.)
530,Snapchat,2022 Software Engineer Intern,"Los Angeles, CA",4.1,$78K - $173K (Glassdoor est.)
531,TikTok,Mobile Software Engineer Intern - 2022 Summer,"Seattle, WA",3.6,N/A
532,MasterCard,Software Development Engineer Intern,"Arlington, VA",4.2,$68K - $135K (Glassdoor est.)
533,Bose,"Embedded Software (Linux C++) Application Engineering Intern, Out Loud Audio","Framingham, MA",4.0,$72K - $151K (Glassdoor est.)
534,Etsy,"Software Engineering Intern, Summer 2022","Brooklyn, NY",4.5,$57K - $125K (Glassdoor est.)
535,Garmin,Software Engineer Intern (Part-Time) - KSU Office,"Manhattan, KS",4.2,$32K - $70K (Glassdoor est.)
536,"Alteryx, Inc.",Software Engineer Intern (Summer 2022),"Irvine, CA",3.6,$40 Per Hour(Employer est.)
537,NetApp,Intern - Software Engineer (NANE),"Waltham, MA",4.1,$68K - $159K (Glassdoor est.)
538,TikTok,"GIP - Software Engineer, Mobile Intern 2021","Mountain View, CA",3.6,$90K - $186K (Glassdoor est.)
539,Databricks,Software Engineering Intern,"San Francisco, CA",4.8,$79K - $182K (Glassdoor est.)
540,MIM Software,Software Engineer Intern,"Beachwood, OH",4.5,$51K - $94K (Glassdoor est.)
541,Northrop Grumman,"Intern, Software Engineer","Linthicum, MD",4.0,$34 - $36 Per Hour(Employer est.)
542,Northrop Grumman,2022 Digital Software Engineer Intern-Baltimore,"Baltimore, MD",4.0,$23 - $28 Per Hour(Employer est.)
543,Pinterest,Software Engineering Intern (USA),,,$81K - $186K (Glassdoor est.)
544,Garmin,"Software Engineer Intern (Java, JavaScript, Python - Summer 2022 - Boulder, CO)","Boulder, CO",4.2,$23 - $28 Per Hour(Employer est.)
545,Hewlett Packard Enterprise,Software Engineer - Intern,"Houston, TX",4.0,$66K - $146K (Glassdoor est.)
546,Salesforce,Software Engineer Intern - Quip,"San Francisco, CA",4.4,$73K - $165K (Glassdoor est.)
547,Garmin,Software Engineer Intern,"Salem, OR",4.2,N/A
548,Autodesk,"Intern, Software Engineer",California,4.3,N/A
549,Duolingo,"Software Engineer, Intern","Pittsburgh, PA",4.7,$54K - $115K (Glassdoor est.)
550,Salesforce,Summer 2022 Intern - Tableau Software Engineer,"Austin, TX",4.4,$38 Per Hour(Employer est.)
551,Microsoft,Explore: Intern Opportunities,"Redmond, WA",4.4,N/A
552,Intel,Graduate Software Engineer Intern,"Hillsboro, OR",4.2,$62K - $124K (Glassdoor est.)
553,Unity Technologies,Software Engineer Intern,"Bellevue, WA",4.4,$78K - $139K (Glassdoor est.)
554,Garmin,"Software Engineer Intern (Garmin Pay, NFC - Summer 2022 - Boulder, CO)","Boulder, CO",4.2,$23 - $28 Per Hour(Employer est.)
555,Twilio,Software Engineer Intern - USA - Summer 2022,"San Francisco, CA",4.4,$41 Per Hour(Employer est.)
556,TikTok,Software Engineer Intern - 2022 Summer,"Mountain View, CA",3.6,$80K - $174K (Glassdoor est.)
557,Snapchat,2022 Software Engineer Intern,"Los Angeles, CA",4.1,$78K - $173K (Glassdoor est.)
558,Allegion,Summer Intern - Software Engineer,"Golden, CO",3.7,$20 - $24 Per Hour(Employer est.)
559,HP,Software Engineer Internship,"Spring, TX",4.2,$64K - $125K (Glassdoor est.)
560,Bose,Software Engineering Summer Intern,"Framingham, MA",4.0,$67K - $141K (Glassdoor est.)
561,TikTok,Mobile Software Engineer Intern - 2022 Summer,"Seattle, WA",3.6,N/A
562,Etsy,"Software Engineering Intern, Summer 2022","Brooklyn, NY",4.5,$57K - $125K (Glassdoor est.)
563,MasterCard,Software Development Engineer Intern,"Arlington, VA",4.2,$68K - $135K (Glassdoor est.)
564,"Alteryx, Inc.",Software Engineer Intern (Summer 2022),"Irvine, CA",3.6,$40 Per Hour(Employer est.)
565,Bose,"Embedded Software (Linux C++) Application Engineering Intern, Out Loud Audio","Framingham, MA",4.0,$72K - $151K (Glassdoor est.)
566,Duolingo,"Software Engineering, Thrive Intern","Pittsburgh, PA",4.7,$53K - $114K (Glassdoor est.)
567,NetApp,Intern - Software Engineer (BLDR),"Boulder, CO",4.1,$74K - $163K (Glassdoor est.)
568,Databricks,Software Engineering Intern,"San Francisco, CA",4.8,$79K - $182K (Glassdoor est.)
569,Garmin,Software Engineer Intern (Part-Time) - KSU Office,"Manhattan, KS",4.2,$32K - $70K (Glassdoor est.)
570,MIM Software,Software Engineer Intern,"Beachwood, OH",4.5,$51K - $94K (Glassdoor est.)
571,Northrop Grumman,"Intern, Software Engineer","Linthicum, MD",4.0,$34 - $36 Per Hour(Employer est.)
572,Northrop Grumman,2022 Digital Software Engineer Intern-Baltimore,"Baltimore, MD",4.0,$23 - $28 Per Hour(Employer est.)
573,Pinterest,Software Engineering Intern (USA),,,$81K - $186K (Glassdoor est.)
574,Garmin,"Software Engineer Intern (Java, JavaScript, Python - Summer 2022 - Boulder, CO)","Boulder, CO",4.2,$23 - $28 Per Hour(Employer est.)
575,Hewlett Packard Enterprise,Software Engineer - Intern,"Houston, TX",4.0,$66K - $146K (Glassdoor est.)
576,Salesforce,Software Engineer Intern - Quip,"San Francisco, CA",4.4,$73K - $165K (Glassdoor est.)
577,Garmin,Software Engineer Intern,"Salem, OR",4.2,N/A
578,Autodesk,"Intern, Software Engineer",California,4.3,N/A
579,Duolingo,"Software Engineer, Intern","Pittsburgh, PA",4.7,$54K - $115K (Glassdoor est.)
580,Salesforce,Summer 2022 Intern - Tableau Software Engineer,"Austin, TX",4.4,$38 Per Hour(Employer est.)
581,Microsoft,Explore: Intern Opportunities,"Redmond, WA",4.4,N/A
582,Intel,Graduate Software Engineer Intern,"Hillsboro, OR",4.2,$62K - $124K (Glassdoor est.)
583,Unity Technologies,Software Engineer Intern,"Bellevue, WA",4.4,$78K - $139K (Glassdoor est.)
584,Garmin,"Software Engineer Intern (Garmin Pay, NFC - Summer 2022 - Boulder, CO)","Boulder, CO",4.2,$23 - $28 Per Hour(Employer est.)
585,Twilio,Software Engineer Intern - USA - Summer 2022,"San Francisco, CA",4.4,$41 Per Hour(Employer est.)
586,TikTok,Software Engineer Intern - 2022 Summer,"Mountain View, CA",3.6,$80K - $174K (Glassdoor est.)
587,Snapchat,2022 Software Engineer Intern,"Los Angeles, CA",4.1,$78K - $173K (Glassdoor est.)
588,Allegion,Summer Intern - Software Engineer,"Golden, CO",3.7,$20 - $24 Per Hour(Employer est.)
589,HP,Software Engineer Internship,"Spring, TX",4.2,$64K - $125K (Glassdoor est.)
590,Bose,Software Engineering Summer Intern,"Framingham, MA",4.0,$67K - $141K (Glassdoor est.)
591,TikTok,Mobile Software Engineer Intern - 2022 Summer,"Seattle, WA",3.6,N/A
592,Etsy,"Software Engineering Intern, Summer 2022","Brooklyn, NY",4.5,$57K - $125K (Glassdoor est.)
593,MasterCard,Software Development Engineer Intern,"Arlington, VA",4.2,$68K - $135K (Glassdoor est.)
594,"Alteryx, Inc.",Software Engineer Intern (Summer 2022),"Irvine, CA",3.6,$40 Per Hour(Employer est.)
595,Bose,"Embedded Software (Linux C++) Application Engineering Intern, Out Loud Audio","Framingham, MA",4.0,$72K - $151K (Glassdoor est.)
596,Duolingo,"Software Engineering, Thrive Intern","Pittsburgh, PA",4.7,$53K - $114K (Glassdoor est.)
597,NetApp,Intern - Software Engineer (BLDR),"Boulder, CO",4.1,$74K - $163K (Glassdoor est.)
598,Databricks,Software Engineering Intern,"San Francisco, CA",4.8,$79K - $182K (Glassdoor est.)
599,Garmin,Software Engineer Intern (Part-Time) - KSU Office,"Manhattan, KS",4.2,$32K - $70K (Glassdoor est.)
600,MIM Software,Software Engineer Intern,"Beachwood, OH",4.5,$51K - $94K (Glassdoor est.)
601,Northrop Grumman,"Intern, Software Engineer","Linthicum, MD",4.0,$34 - $36 Per Hour(Employer est.)
602,Northrop Grumman,2022 Digital Software Engineer Intern-Baltimore,"Baltimore, MD",4.0,$23 - $28 Per Hour(Employer est.)
603,Pinterest,Software Engineering Intern (USA),,,$81K - $186K (Glassdoor est.)
604,Garmin,"Software Engineer Intern (Java, JavaScript, Python - Summer 2022 - Boulder, CO)","Boulder, CO",4.2,$23 - $28 Per Hour(Employer est.)
605,Hewlett Packard Enterprise,Software Engineer - Intern,"Houston, TX",4.0,$66K - $146K (Glassdoor est.)
606,Salesforce,Software Engineer Intern - Quip,"San Francisco, CA",4.4,$73K - $165K (Glassdoor est.)
607,Garmin,Software Engineer Intern,"Salem, OR",4.2,N/A
608,Autodesk,"Intern, Software Engineer",California,4.3,N/A
609,Duolingo,"Software Engineer, Intern","Pittsburgh, PA",4.7,$54K - $115K (Glassdoor est.)
610,Salesforce,Summer 2022 Intern - Tableau Software Engineer,"Austin, TX",4.4,$38 Per Hour(Employer est.)
611,Microsoft,Explore: Intern Opportunities,"Redmond, WA",4.4,N/A
612,Intel,Graduate Software Engineer Intern,"Hillsboro, OR",4.2,$62K - $124K (Glassdoor est.)
613,Unity Technologies,Software Engineer Intern,"Bellevue, WA",4.4,$78K - $139K (Glassdoor est.)
614,Garmin,"Software Engineer Intern (Garmin Pay, NFC - Summer 2022 - Boulder, CO)","Boulder, CO",4.2,$23 - $28 Per Hour(Employer est.)
615,Twilio,Software Engineer Intern - USA - Summer 2022,"San Francisco, CA",4.4,$41 Per Hour(Employer est.)
616,TikTok,Software Engineer Intern - 2022 Summer,"Mountain View, CA",3.6,$80K - $174K (Glassdoor est.)
617,Snapchat,2022 Software Engineer Intern,"Los Angeles, CA",4.1,$78K - $173K (Glassdoor est.)
618,Allegion,Summer Intern - Software Engineer,"Golden, CO",3.7,$20 - $24 Per Hour(Employer est.)
619,HP,Software Engineer Internship,"Spring, TX",4.2,$64K - $125K (Glassdoor est.)
620,Bose,Software Engineering Summer Intern,"Framingham, MA",4.0,$67K - $141K (Glassdoor est.)
621,TikTok,Mobile Software Engineer Intern - 2022 Summer,"Seattle, WA",3.6,N/A
622,Etsy,"Software Engineering Intern, Summer 2022","Brooklyn, NY",4.5,$57K - $125K (Glassdoor est.)
623,MasterCard,Software Development Engineer Intern,"Arlington, VA",4.2,$68K - $135K (Glassdoor est.)
624,"Alteryx, Inc.",Software Engineer Intern (Summer 2022),"Irvine, CA",3.6,$40 Per Hour(Employer est.)
625,Bose,"Embedded Software (Linux C++) Application Engineering Intern, Out Loud Audio","Framingham, MA",4.0,$72K - $151K (Glassdoor est.)
626,Duolingo,"Software Engineering, Thrive Intern","Pittsburgh, PA",4.7,$53K - $114K (Glassdoor est.)
627,NetApp,Intern - Software Engineer (BLDR),"Boulder, CO",4.1,$74K - $163K (Glassdoor est.)
628,Databricks,Software Engineering Intern,"San Francisco, CA",4.8,$79K - $182K (Glassdoor est.)
629,Garmin,Software Engineer Intern (Part-Time) - KSU Office,"Manhattan, KS",4.2,$32K - $70K (Glassdoor est.)
630,MIM Software,Software Engineer Intern,"Beachwood, OH",4.5,$51K - $94K (Glassdoor est.)
631,Northrop Grumman,"Intern, Software Engineer","Linthicum, MD",4.0,$34 - $36 Per Hour(Employer est.)
632,Northrop Grumman,2022 Digital Software Engineer Intern-Baltimore,"Baltimore, MD",4.0,$23 - $28 Per Hour(Employer est.)
633,Pinterest,Software Engineering Intern (USA),,,$81K - $186K (Glassdoor est.)
634,Garmin,"Software Engineer Intern (Java, JavaScript, Python - Summer 2022 - Boulder, CO)","Boulder, CO",4.2,$23 - $28 Per Hour(Employer est.)
635,Hewlett Packard Enterprise,Software Engineer - Intern,"Houston, TX",4.0,$66K - $146K (Glassdoor est.)
636,Salesforce,Software Engineer Intern - Quip,"San Francisco, CA",4.4,$73K - $165K (Glassdoor est.)
637,Garmin,Software Engineer Intern,"Salem, OR",4.2,N/A
638,Autodesk,"Intern, Software Engineer",California,4.3,N/A
639,Duolingo,"Software Engineer, Intern","Pittsburgh, PA",4.7,$54K - $115K (Glassdoor est.)
640,Salesforce,Summer 2022 Intern - Tableau Software Engineer,"Austin, TX",4.4,$38 Per Hour(Employer est.)
641,Microsoft,Explore: Intern Opportunities,"Redmond, WA",4.4,N/A
642,Intel,Graduate Software Engineer Intern,"Hillsboro, OR",4.2,$62K - $124K (Glassdoor est.)
643,Unity Technologies,Software Engineer Intern,"Bellevue, WA",4.4,$78K - $139K (Glassdoor est.)
644,Garmin,"Software Engineer Intern (Garmin Pay, NFC - Summer 2022 - Boulder, CO)","Boulder, CO",4.2,$23 - $28 Per Hour(Employer est.)
645,Twilio,Software Engineer Intern - USA - Summer 2022,"San Francisco, CA",4.4,$41 Per Hour(Employer est.)
646,TikTok,Software Engineer Intern - 2022 Summer,"Mountain View, CA",3.6,$80K - $174K (Glassdoor est.)
647,Snapchat,2022 Software Engineer Intern,"Los Angeles, CA",4.1,$78K - $173K (Glassdoor est.)
648,Allegion,Summer Intern - Software Engineer,"Golden, CO",3.7,$20 - $24 Per Hour(Employer est.)
649,HP,Software Engineer Internship,"Spring, TX",4.2,$64K - $125K (Glassdoor est.)
650,Bose,Software Engineering Summer Intern,"Framingham, MA",4.0,$67K - $141K (Glassdoor est.)
651,TikTok,Mobile Software Engineer Intern - 2022 Summer,"Seattle, WA",3.6,N/A
652,Etsy,"Software Engineering Intern, Summer 2022","Brooklyn, NY",4.5,$57K - $125K (Glassdoor est.)
653,MasterCard,Software Development Engineer Intern,"Arlington, VA",4.2,$68K - $135K (Glassdoor est.)
654,"Alteryx, Inc.",Software Engineer Intern (Summer 2022),"Irvine, CA",3.6,$40 Per Hour(Employer est.)
655,Bose,"Embedded Software (Linux C++) Application Engineering Intern, Out Loud Audio","Framingham, MA",4.0,$72K - $151K (Glassdoor est.)
656,Duolingo,"Software Engineering, Thrive Intern","Pittsburgh, PA",4.7,$53K - $114K (Glassdoor est.)
657,NetApp,Intern - Software Engineer (BLDR),"Boulder, CO",4.1,$74K - $163K (Glassdoor est.)
658,Databricks,Software Engineering Intern,"San Francisco, CA",4.8,$79K - $182K (Glassdoor est.)
659,Garmin,Software Engineer Intern (Part-Time) - KSU Office,"Manhattan, KS",4.2,$32K - $70K (Glassdoor est.)
660,MIM Software,Software Engineer Intern,"Beachwood, OH",4.5,$51K - $94K (Glassdoor est.)
661,Northrop Grumman,"Intern, Software Engineer","Linthicum, MD",4.0,$34 - $36 Per Hour(Employer est.)
662,Northrop Grumman,2022 Digital Software Engineer Intern-Baltimore,"Baltimore, MD",4.0,$23 - $28 Per Hour(Employer est.)
663,Pinterest,Software Engineering Intern (USA),,,$81K - $186K (Glassdoor est.)
664,Garmin,"Software Engineer Intern (Java, JavaScript, Python - Summer 2022 - Boulder, CO)","Boulder, CO",4.2,$23 - $28 Per Hour(Employer est.)
665,Hewlett Packard Enterprise,Software Engineer - Intern,"Houston, TX",4.0,$66K - $146K (Glassdoor est.)
666,Salesforce,Software Engineer Intern - Quip,"San Francisco, CA",4.4,$73K - $165K (Glassdoor est.)
667,Garmin,Software Engineer Intern,"Salem, OR",4.2,N/A
668,Autodesk,"Intern, Software Engineer",California,4.3,N/A
669,Duolingo,"Software Engineer, Intern","Pittsburgh, PA",4.7,$54K - $115K (Glassdoor est.)
670,Salesforce,Summer 2022 Intern - Tableau Software Engineer,"Austin, TX",4.4,$38 Per Hour(Employer est.)
671,Microsoft,Explore: Intern Opportunities,"Redmond, WA",4.4,N/A
672,Intel,Graduate Software Engineer Intern,"Hillsboro, OR",4.2,$62K - $124K (Glassdoor est.)
673,Unity Technologies,Software Engineer Intern,"Bellevue, WA",4.4,$78K - $139K (Glassdoor est.)
674,Garmin,"Software Engineer Intern (Garmin Pay, NFC - Summer 2022 - Boulder, CO)","Boulder, CO",4.2,$23 - $28 Per Hour(Employer est.)
675,Twilio,Software Engineer Intern - USA - Summer 2022,"San Francisco, CA",4.4,$41 Per Hour(Employer est.)
676,TikTok,Software Engineer Intern - 2022 Summer,"Mountain View, CA",3.6,$80K - $174K (Glassdoor est.)
677,Snapchat,2022 Software Engineer Intern,"Los Angeles, CA",4.1,$78K - $173K (Glassdoor est.)
678,Allegion,Summer Intern - Software Engineer,"Golden, CO",3.7,$20 - $24 Per Hour(Employer est.)
679,HP,Software Engineer Internship,"Spring, TX",4.2,$64K - $125K (Glassdoor est.)
680,Bose,Software Engineering Summer Intern,"Framingham, MA",4.0,$67K - $141K (Glassdoor est.)
681,TikTok,Mobile Software Engineer Intern - 2022 Summer,"Seattle, WA",3.6,N/A
682,Etsy,"Software Engineering Intern, Summer 2022","Brooklyn, NY",4.5,$57K - $125K (Glassdoor est.)
683,MasterCard,Software Development Engineer Intern,"Arlington, VA",4.2,$68K - $135K (Glassdoor est.)
684,"Alteryx, Inc.",Software Engineer Intern (Summer 2022),"Irvine, CA",3.6,$40 Per Hour(Employer est.)
685,Bose,"Embedded Software (Linux C++) Application Engineering Intern, Out Loud Audio","Framingham, MA",4.0,$72K - $151K (Glassdoor est.)
686,Duolingo,"Software Engineering, Thrive Intern","Pittsburgh, PA",4.7,$53K - $114K (Glassdoor est.)
687,NetApp,Intern - Software Engineer (BLDR),"Boulder, CO",4.1,$74K - $163K (Glassdoor est.)
688,Databricks,Software Engineering Intern,"San Francisco, CA",4.8,$79K - $182K (Glassdoor est.)
689,Garmin,Software Engineer Intern (Part-Time) - KSU Office,"Manhattan, KS",4.2,$32K - $70K (Glassdoor est.)
690,MIM Software,Software Engineer Intern,"Beachwood, OH",4.5,$51K - $94K (Glassdoor est.)
691,Northrop Grumman,"Intern, Software Engineer","Linthicum, MD",4.0,$34 - $36 Per Hour(Employer est.)
692,Northrop Grumman,2022 Digital Software Engineer Intern-Baltimore,"Baltimore, MD",4.0,$23 - $28 Per Hour(Employer est.)
693,Pinterest,Software Engineering Intern (USA),,,$81K - $186K (Glassdoor est.)
694,Garmin,"Software Engineer Intern (Java, JavaScript, Python - Summer 2022 - Boulder, CO)","Boulder, CO",4.2,$23 - $28 Per Hour(Employer est.)
695,Hewlett Packard Enterprise,Software Engineer - Intern,"Houston, TX",4.0,$66K - $146K (Glassdoor est.)
696,Salesforce,Software Engineer Intern - Quip,"San Francisco, CA",4.4,$73K - $165K (Glassdoor est.)
697,Garmin,Software Engineer Intern,"Salem, OR",4.2,N/A
698,Autodesk,"Intern, Software Engineer",California,4.3,N/A
699,Duolingo,"Software Engineer, Intern","Pittsburgh, PA",4.7,$54K - $115K (Glassdoor est.)
700,Salesforce,Summer 2022 Intern - Tableau Software Engineer,"Austin, TX",4.4,$38 Per Hour(Employer est.)
701,Microsoft,Explore: Intern Opportunities,"Redmond, WA",4.4,N/A
702,Intel,Graduate Software Engineer Intern,"Hillsboro, OR",4.2,$62K - $124K (Glassdoor est.)
703,Unity Technologies,Software Engineer Intern,"Bellevue, WA",4.4,$78K - $139K (Glassdoor est.)
704,Garmin,"Software Engineer Intern (Garmin Pay, NFC - Summer 2022 - Boulder, CO)","Boulder, CO",4.2,$23 - $28 Per Hour(Employer est.)
705,Twilio,Software Engineer Intern - USA - Summer 2022,"San Francisco, CA",4.4,$41 Per Hour(Employer est.)
706,TikTok,Software Engineer Intern - 2022 Summer,"Mountain View, CA",3.6,$80K - $174K (Glassdoor est.)
707,Snapchat,2022 Software Engineer Intern,"Los Angeles, CA",4.1,$78K - $173K (Glassdoor est.)
708,Allegion,Summer Intern - Software Engineer,"Golden, CO",3.7,$20 - $24 Per Hour(Employer est.)
709,HP,Software Engineer Internship,"Spring, TX",4.2,$64K - $125K (Glassdoor est.)
710,Bose,Software Engineering Summer Intern,"Framingham, MA",4.0,$67K - $141K (Glassdoor est.)
711,TikTok,Mobile Software Engineer Intern - 2022 Summer,"Seattle, WA",3.6,N/A
712,Etsy,"Software Engineering Intern, Summer 2022","Brooklyn, NY",4.5,$57K - $125K (Glassdoor est.)
713,MasterCard,Software Development Engineer Intern,"Arlington, VA",4.2,$68K - $135K (Glassdoor est.)
714,"Alteryx, Inc.",Software Engineer Intern (Summer 2022),"Irvine, CA",3.6,$40 Per Hour(Employer est.)
715,Bose,"Embedded Software (Linux C++) Application Engineering Intern, Out Loud Audio","Framingham, MA",4.0,$72K - $151K (Glassdoor est.)
716,Duolingo,"Software Engineering, Thrive Intern","Pittsburgh, PA",4.7,$53K - $114K (Glassdoor est.)
717,NetApp,Intern - Software Engineer (BLDR),"Boulder, CO",4.1,$74K - $163K (Glassdoor est.)
718,Databricks,Software Engineering Intern,"San Francisco, CA",4.8,$79K - $182K (Glassdoor est.)
719,Garmin,Software Engineer Intern (Part-Time) - KSU Office,"Manhattan, KS",4.2,$32K - $70K (Glassdoor est.)
720,MIM Software,Software Engineer Intern,"Beachwood, OH",4.5,$51K - $94K (Glassdoor est.)
721,Northrop Grumman,"Intern, Software Engineer","Linthicum, MD",4.0,$34 - $36 Per Hour(Employer est.)
722,Hewlett Packard Enterprise,Software Engineer - Intern,"Houston, TX",4.0,$66K - $146K (Glassdoor est.)
723,Pinterest,Software Engineering Intern (USA),"Seattle, WA",4.2,$81K - $186K (Glassdoor est.)
724,Garmin,Software Engineer Intern,"Salem, OR",4.2,N/A
725,Garmin,"Software Engineer Intern (Java, JavaScript, Python - Summer 2022 - Boulder, CO)","Boulder, CO",4.2,$23 - $28 Per Hour(Employer est.)
726,Salesforce,Software Engineer Intern - Quip,"San Francisco, CA",4.4,$73K - $165K (Glassdoor est.)
727,Salesforce,Summer 2022 Intern - Tableau Software Engineer,"Austin, TX",4.4,$38 Per Hour(Employer est.)
728,Autodesk,"Intern, Software Engineer",California,4.3,N/A
729,Duolingo,"Software Engineer, Intern","Pittsburgh, PA",4.7,$54K - $115K (Glassdoor est.)
730,Twilio,Software Engineer Intern - USA - Summer 2022,"San Francisco, CA",4.4,$41 Per Hour(Employer est.)
731,TikTok,Software Engineer Intern - 2022 Summer,"Mountain View, CA",3.6,$80K - $174K (Glassdoor est.)
732,Garmin,"Software Engineer Intern (Garmin Pay, NFC - Summer 2022 - Boulder, CO)","Boulder, CO",4.2,$23 - $28 Per Hour(Employer est.)
733,Unity Technologies,Software Engineer Intern,"Bellevue, WA",4.4,$78K - $139K (Glassdoor est.)
734,Microsoft,Explore: Intern Opportunities,"Redmond, WA",4.4,N/A
735,HP,Software Engineer Internship,"Spring, TX",4.2,$64K - $125K (Glassdoor est.)
736,Allegion,Summer Intern - Software Engineer,"Golden, CO",3.7,$20 - $24 Per Hour(Employer est.)
737,Intel,Graduate Software Engineer Intern,"Hillsboro, OR",4.2,$62K - $124K (Glassdoor est.)
738,Snapchat,2022 Software Engineer Intern,"Los Angeles, CA",4.1,$78K - $173K (Glassdoor est.)
739,Bose,Software Engineering Summer Intern,"Framingham, MA",4.0,$67K - $141K (Glassdoor est.)
740,TikTok,Mobile Software Engineer Intern - 2022 Summer,"Seattle, WA",3.6,N/A
741,Etsy,"Software Engineering Intern, Summer 2022","Brooklyn, NY",4.5,$57K - $125K (Glassdoor est.)
742,NetApp,Intern - Software Engineer (BLDR),"Boulder, CO",4.1,$74K - $163K (Glassdoor est.)
743,"Alteryx, Inc.",Software Engineer Intern (Summer 2022),"Irvine, CA",3.6,$40 Per Hour(Employer est.)
744,MasterCard,Software Development Engineer Intern,"Arlington, VA",4.2,$68K - $135K (Glassdoor est.)
745,Garmin,Software Engineer Intern (Part-Time) - KSU Office,"Manhattan, KS",4.2,$32K - $70K (Glassdoor est.)
746,Duolingo,"Software Engineering, Thrive Intern","Pittsburgh, PA",4.7,$53K - $114K (Glassdoor est.)
747,Databricks,Software Engineering Intern,"San Francisco, CA",4.8,$79K - $182K (Glassdoor est.)
748,Salesforce,Summer 2022 Intern - Software Engineer,"Bellevue, WA",4.4,$38 Per Hour(Employer est.)
749,"Chick-fil-A, Inc.",2022 Software Engineering Summer Intern,"Atlanta, GA",3.9,$54K - $110K (Glassdoor est.)
750,MIM Software,Software Engineer Intern,"Beachwood, OH",4.5,$51K - $94K (Glassdoor est.)
751,Northrop Grumman,"Intern, Software Engineer","Linthicum, MD",4.0,$34 - $36 Per Hour(Employer est.)
752,Hewlett Packard Enterprise,Software Engineer - Intern,"Houston, TX",4.0,$66K - $146K (Glassdoor est.)
753,Pinterest,Software Engineering Intern (USA),"Seattle, WA",4.2,$81K - $186K (Glassdoor est.)
754,Garmin,Software Engineer Intern,"Salem, OR",4.2,N/A
755,Garmin,"Software Engineer Intern (Java, JavaScript, Python - Summer 2022 - Boulder, CO)","Boulder, CO",4.2,$23 - $28 Per Hour(Employer est.)
756,Salesforce,Software Engineer Intern - Quip,"San Francisco, CA",4.4,$73K - $165K (Glassdoor est.)
757,Salesforce,Summer 2022 Intern - Tableau Software Engineer,"Austin, TX",4.4,$38 Per Hour(Employer est.)
758,Autodesk,"Intern, Software Engineer",California,4.3,N/A
759,Duolingo,"Software Engineer, Intern","Pittsburgh, PA",4.7,$54K - $115K (Glassdoor est.)
760,Twilio,Software Engineer Intern - USA - Summer 2022,"San Francisco, CA",4.4,$41 Per Hour(Employer est.)
761,TikTok,Software Engineer Intern - 2022 Summer,"Mountain View, CA",3.6,$80K - $174K (Glassdoor est.)
762,Garmin,"Software Engineer Intern (Garmin Pay, NFC - Summer 2022 - Boulder, CO)","Boulder, CO",4.2,$23 - $28 Per Hour(Employer est.)
763,Unity Technologies,Software Engineer Intern,"Bellevue, WA",4.4,$78K - $139K (Glassdoor est.)
764,Microsoft,Explore: Intern Opportunities,"Redmond, WA",4.4,N/A
765,HP,Software Engineer Internship,"Spring, TX",4.2,$64K - $125K (Glassdoor est.)
766,Allegion,Summer Intern - Software Engineer,"Golden, CO",3.7,$20 - $24 Per Hour(Employer est.)
767,Intel,Graduate Software Engineer Intern,"Hillsboro, OR",4.2,$62K - $124K (Glassdoor est.)
768,Snapchat,2022 Software Engineer Intern,"Los Angeles, CA",4.1,$78K - $173K (Glassdoor est.)
769,Bose,Software Engineering Summer Intern,"Framingham, MA",4.0,$67K - $141K (Glassdoor est.)
770,TikTok,Mobile Software Engineer Intern - 2022 Summer,"Seattle, WA",3.6,N/A
771,Etsy,"Software Engineering Intern, Summer 2022","Brooklyn, NY",4.5,$57K - $125K (Glassdoor est.)
772,NetApp,Intern - Software Engineer (BLDR),"Boulder, CO",4.1,$74K - $163K (Glassdoor est.)
773,"Alteryx, Inc.",Software Engineer Intern (Summer 2022),"Irvine, CA",3.6,$40 Per Hour(Employer est.)
774,MasterCard,Software Development Engineer Intern,"Arlington, VA",4.2,$68K - $135K (Glassdoor est.)
775,Garmin,Software Engineer Intern (Part-Time) - KSU Office,"Manhattan, KS",4.2,$32K - $70K (Glassdoor est.)
776,Duolingo,"Software Engineering, Thrive Intern","Pittsburgh, PA",4.7,$53K - $114K (Glassdoor est.)
777,Databricks,Software Engineering Intern,"San Francisco, CA",4.8,$79K - $182K (Glassdoor est.)
778,Salesforce,Summer 2022 Intern - Software Engineer,"Bellevue, WA",4.4,$38 Per Hour(Employer est.)
779,"Chick-fil-A, Inc.",2022 Software Engineering Summer Intern,"Atlanta, GA",3.9,$54K - $110K (Glassdoor est.)
780,MIM Software,Software Engineer Intern,"Beachwood, OH",4.5,$51K - $94K (Glassdoor est.)
781,Northrop Grumman,"Intern, Software Engineer","Linthicum, MD",4.0,$34 - $36 Per Hour(Employer est.)
782,Hewlett Packard Enterprise,Software Engineer - Intern,"Houston, TX",4.0,$66K - $146K (Glassdoor est.)
783,Pinterest,Software Engineering Intern (USA),"Seattle, WA",4.2,$81K - $186K (Glassdoor est.)
784,Garmin,Software Engineer Intern,"Salem, OR",4.2,N/A
785,Garmin,"Software Engineer Intern (Java, JavaScript, Python - Summer 2022 - Boulder, CO)","Boulder, CO",4.2,$23 - $28 Per Hour(Employer est.)
786,Salesforce,Software Engineer Intern - Quip,"San Francisco, CA",4.4,$73K - $165K (Glassdoor est.)
787,Salesforce,Summer 2022 Intern - Tableau Software Engineer,"Austin, TX",4.4,$38 Per Hour(Employer est.)
788,Autodesk,"Intern, Software Engineer",California,4.3,N/A
789,Duolingo,"Software Engineer, Intern","Pittsburgh, PA",4.7,$54K - $115K (Glassdoor est.)
790,Twilio,Software Engineer Intern - USA - Summer 2022,"San Francisco, CA",4.4,$41 Per Hour(Employer est.)
791,TikTok,Software Engineer Intern - 2022 Summer,"Mountain View, CA",3.6,$80K - $174K (Glassdoor est.)
792,Garmin,"Software Engineer Intern (Garmin Pay, NFC - Summer 2022 - Boulder, CO)","Boulder, CO",4.2,$23 - $28 Per Hour(Employer est.)
793,Unity Technologies,Software Engineer Intern,"Bellevue, WA",4.4,$78K - $139K (Glassdoor est.)
794,Microsoft,Explore: Intern Opportunities,"Redmond, WA",4.4,N/A
795,HP,Software Engineer Internship,"Spring, TX",4.2,$64K - $125K (Glassdoor est.)
796,Allegion,Summer Intern - Software Engineer,"Golden, CO",3.7,$20 - $24 Per Hour(Employer est.)
797,Intel,Graduate Software Engineer Intern,"Hillsboro, OR",4.2,$62K - $124K (Glassdoor est.)
798,Snapchat,2022 Software Engineer Intern,"Los Angeles, CA",4.1,$78K - $173K (Glassdoor est.)
799,Bose,Software Engineering Summer Intern,"Framingham, MA",4.0,$67K - $141K (Glassdoor est.)
800,TikTok,Mobile Software Engineer Intern - 2022 Summer,"Seattle, WA",3.6,N/A
801,Etsy,"Software Engineering Intern, Summer 2022","Brooklyn, NY",4.5,$57K - $125K (Glassdoor est.)
802,NetApp,Intern - Software Engineer (BLDR),"Boulder, CO",4.1,$74K - $163K (Glassdoor est.)
803,"Alteryx, Inc.",Software Engineer Intern (Summer 2022),"Irvine, CA",3.6,$40 Per Hour(Employer est.)
804,MasterCard,Software Development Engineer Intern,"Arlington, VA",4.2,$68K - $135K (Glassdoor est.)
805,Garmin,Software Engineer Intern (Part-Time) - KSU Office,"Manhattan, KS",4.2,$32K - $70K (Glassdoor est.)
806,Duolingo,"Software Engineering, Thrive Intern","Pittsburgh, PA",4.7,$53K - $114K (Glassdoor est.)
807,Databricks,Software Engineering Intern,"San Francisco, CA",4.8,$79K - $182K (Glassdoor est.)
808,Salesforce,Summer 2022 Intern - Software Engineer,"Bellevue, WA",4.4,$38 Per Hour(Employer est.)
809,"Chick-fil-A, Inc.",2022 Software Engineering Summer Intern,"Atlanta, GA",3.9,$54K - $110K (Glassdoor est.)
